file_id,area,spot,in_out,Participant
0001.wav,british,street,outdoor,S151
0002.wav,kensington,dinosaur,indoor,S127
0003.wav,campus,square,outdoor,S18
0004.wav,kensington,hintze,indoor,S179
0005.wav,campus,square,outdoor,S176
0006.wav,westend,piazza,outdoor,S89
0007.wav,Euston,upper,indoor,S140
0008.wav,campus,canal,outdoor,S20
0009.wav,british,forecourt,outdoor,S131
0010.wav,british,forecourt,outdoor,S69
0011.wav,british,forecourt,outdoor,S39
0012.wav,british,forecourt,outdoor,S136
0013.wav,british,greatcourt,indoor,S66
0014.wav,campus,square,outdoor,S145
0015.wav,campus,reception,indoor,S99
0016.wav,westend,leicester,outdoor,S137
0017.wav,british,street,outdoor,S73
0018.wav,british,forecourt,outdoor,S55
0019.wav,kensington,dinosaur,indoor,S82
0020.wav,british,forecourt,outdoor,S105
0021.wav,british,street,outdoor,S181
0022.wav,westend,leicester,outdoor,S3
0023.wav,westend,piazza,outdoor,S101
0024.wav,southbank,waterloo,indoor,S41
0025.wav,british,room12,indoor,S52
0026.wav,Euston,upper,indoor,S157
0027.wav,british,square,outdoor,S18
0028.wav,campus,canal,outdoor,S143
0029.wav,campus,canal,outdoor,S162
0030.wav,british,greatcourt,indoor,S115
0031.wav,kensington,dinosaur,indoor,S72
0032.wav,british,greatcourt,indoor,S162
0033.wav,kensington,pond,outdoor,S102
0034.wav,westend,national,indoor,S144
0035.wav,campus,library,outdoor,S27
0036.wav,southbank,skate,outdoor,S111
0037.wav,westend,market,indoor,S49
0038.wav,southbank,book,outdoor,S126
0039.wav,westend,national,indoor,S55
0040.wav,Euston,piazza,outdoor,S59
0041.wav,Euston,upper,indoor,S12
0042.wav,westend,leicester,outdoor,S57
0043.wav,campus,square,outdoor,S67
0044.wav,british,square,outdoor,S58
0045.wav,campus,canal,outdoor,S55
0046.wav,british,square,outdoor,S60
0047.wav,campus,library,outdoor,S48
0048.wav,campus,ground,indoor,S150
0049.wav,westend,charing,indoor,S126
0050.wav,campus,square,outdoor,S117
0051.wav,westend,trafalgar,outdoor,S164
0052.wav,british,forecourt,outdoor,S13
0053.wav,westend,national,indoor,S181
0054.wav,british,street,outdoor,S162
0055.wav,westend,piazza,outdoor,S56
0056.wav,westend,piazza,outdoor,S94
0057.wav,westend,piazza,outdoor,S29
0058.wav,campus,ground,indoor,S116
0059.wav,campus,square,outdoor,S36
0060.wav,westend,national,indoor,S81
0061.wav,campus,curve,indoor,S166
0062.wav,campus,library,outdoor,S107
0063.wav,british,forecourt,outdoor,S68
0064.wav,campus,reception,indoor,S65
0065.wav,westend,national,indoor,S151
0066.wav,Euston,upper,indoor,S54
0067.wav,campus,canal,outdoor,S82
0068.wav,Euston,piazza,outdoor,S140
0069.wav,campus,library,outdoor,S137
0070.wav,campus,curve,indoor,S72
0071.wav,campus,ground,indoor,S126
0072.wav,southbank,waterloo,indoor,S36
0073.wav,westend,trafalgar,outdoor,S71
0074.wav,campus,canal,outdoor,S151
0075.wav,campus,canal,outdoor,S148
0076.wav,Euston,ritblat,indoor,S59
0077.wav,westend,trafalgar,outdoor,S170
0078.wav,westend,market,indoor,S69
0079.wav,british,street,outdoor,S87
0080.wav,british,street,outdoor,S117
0081.wav,campus,canal,outdoor,S35
0082.wav,westend,trafalgar,outdoor,S189
0083.wav,Euston,forecourt,outdoor,S50
0084.wav,westend,national,indoor,S13
0085.wav,southbank,skate,outdoor,S17
0086.wav,campus,reception,indoor,S90
0087.wav,campus,ground,indoor,S124
0088.wav,campus,curve,indoor,S9
0089.wav,campus,canal,outdoor,S92
0090.wav,westend,leicester,outdoor,S1
0091.wav,campus,ground,indoor,S177
0092.wav,southbank,bridge,outdoor,S62
0093.wav,kensington,dinosaur,indoor,S167
0094.wav,westend,piazza,outdoor,S183
0095.wav,campus,library,outdoor,S190
0096.wav,british,room12,indoor,S133
0097.wav,campus,square,outdoor,S110
0098.wav,Euston,ritblat,indoor,S43
0099.wav,british,room12,indoor,S31
0100.wav,westend,leicester,outdoor,S51
0101.wav,campus,curve,indoor,S152
0102.wav,campus,square,outdoor,S162
0103.wav,westend,piazza,outdoor,S75
0104.wav,westend,leicester,outdoor,S193
0105.wav,campus,library,outdoor,S117
0106.wav,westend,charing,indoor,S25
0107.wav,westend,market,indoor,S40
0108.wav,westend,charing,indoor,S121
0109.wav,westend,leicester,outdoor,S40
0110.wav,westend,trafalgar,outdoor,S58
0111.wav,westend,piazza,outdoor,S47
0112.wav,british,street,outdoor,S141
0113.wav,westend,leicester,outdoor,S79
0114.wav,kensington,marine,indoor,S82
0115.wav,westend,piazza,outdoor,S65
0116.wav,campus,square,outdoor,S25
0117.wav,campus,library,outdoor,S59
0118.wav,southbank,bridge,outdoor,S4
0119.wav,Euston,library,indoor,S14
0120.wav,Euston,forecourt,outdoor,S165
0121.wav,kensington,hintze,indoor,S83
0122.wav,british,room12,indoor,S39
0123.wav,westend,national,indoor,S105
0124.wav,westend,piazza,outdoor,S129
0125.wav,british,greatcourt,indoor,S68
0126.wav,campus,reception,indoor,S152
0127.wav,westend,charing,indoor,S3
0128.wav,british,greatcourt,indoor,S122
0129.wav,southbank,waterloo,indoor,S168
0130.wav,campus,ground,indoor,S129
0131.wav,campus,ground,indoor,S64
0132.wav,british,greatcourt,indoor,S55
0133.wav,kensington,hintze,indoor,S119
0134.wav,campus,square,outdoor,S14
0135.wav,westend,piazza,outdoor,S72
0136.wav,british,forecourt,outdoor,S192
0137.wav,Euston,upper,indoor,S176
0138.wav,campus,ground,indoor,S179
0139.wav,campus,square,outdoor,S164
0140.wav,campus,reception,indoor,S81
0141.wav,british,greatcourt,indoor,S64
0142.wav,kensington,marine,indoor,S145
0143.wav,westend,charing,indoor,S18
0144.wav,british,square,outdoor,S25
0145.wav,westend,trafalgar,outdoor,S119
0146.wav,westend,trafalgar,outdoor,S39
0147.wav,british,forecourt,outdoor,S64
0148.wav,british,street,outdoor,S93
0149.wav,Euston,upper,indoor,S47
0150.wav,westend,trafalgar,outdoor,S11
0151.wav,campus,square,outdoor,S72
0152.wav,campus,reception,indoor,S150
0153.wav,campus,square,outdoor,S153
0154.wav,campus,canal,outdoor,S30
0155.wav,westend,national,indoor,S11
0156.wav,british,greatcourt,indoor,S187
0157.wav,westend,charing,indoor,S90
0158.wav,Euston,ritblat,indoor,S5
0159.wav,campus,square,outdoor,S166
0160.wav,Euston,forecourt,outdoor,S100
0161.wav,campus,square,outdoor,S143
0162.wav,Euston,upper,indoor,S113
0163.wav,southbank,book,outdoor,S83
0164.wav,westend,piazza,outdoor,S148
0165.wav,southbank,food,outdoor,S42
0166.wav,westend,leicester,outdoor,S154
0167.wav,british,square,outdoor,S115
0168.wav,campus,reception,indoor,S141
0169.wav,westend,charing,indoor,S135
0170.wav,british,square,outdoor,S80
0171.wav,kensington,dinosaur,indoor,S83
0172.wav,southbank,food,outdoor,S71
0173.wav,british,square,outdoor,S124
0174.wav,kensington,albert,outdoor,S1
0175.wav,campus,ground,indoor,S24
0176.wav,Euston,piazza,outdoor,S89
0177.wav,westend,trafalgar,outdoor,S6
0178.wav,campus,square,outdoor,S190
0179.wav,campus,curve,indoor,S27
0180.wav,british,forecourt,outdoor,S25
0181.wav,campus,canal,outdoor,S79
0182.wav,british,room12,indoor,S51
0183.wav,british,room12,indoor,S48
0184.wav,westend,trafalgar,outdoor,S144
0185.wav,westend,trafalgar,outdoor,S178
0186.wav,westend,market,indoor,S13
0187.wav,westend,trafalgar,outdoor,S104
0188.wav,westend,market,indoor,S144
0189.wav,westend,trafalgar,outdoor,S56
0190.wav,british,greatcourt,indoor,S144
0191.wav,campus,ground,indoor,S130
0192.wav,westend,charing,indoor,S36
0193.wav,campus,canal,outdoor,S31
0194.wav,campus,square,outdoor,S135
0195.wav,Euston,piazza,outdoor,S110
0196.wav,campus,curve,indoor,S78
0197.wav,campus,library,outdoor,S26
0198.wav,kensington,hintze,indoor,S132
0199.wav,westend,piazza,outdoor,S144
0200.wav,british,forecourt,outdoor,S181
0201.wav,Euston,library,indoor,S50
0202.wav,southbank,waterloo,indoor,S74
0203.wav,campus,curve,indoor,S28
0204.wav,westend,leicester,outdoor,S46
0205.wav,british,greatcourt,indoor,S168
0206.wav,campus,square,outdoor,S111
0207.wav,Euston,upper,indoor,S129
0208.wav,campus,square,outdoor,S23
0209.wav,british,square,outdoor,S108
0210.wav,southbank,bridge,outdoor,S163
0211.wav,british,forecourt,outdoor,S183
0212.wav,campus,canal,outdoor,S164
0213.wav,kensington,cromwell,outdoor,S1
0214.wav,southbank,food,outdoor,S102
0215.wav,westend,piazza,outdoor,S115
0216.wav,Euston,ritblat,indoor,S57
0217.wav,westend,national,indoor,S35
0218.wav,southbank,food,outdoor,S156
0219.wav,campus,curve,indoor,S86
0220.wav,westend,piazza,outdoor,S84
0221.wav,campus,canal,outdoor,S126
0222.wav,kensington,albert,outdoor,S107
0223.wav,british,street,outdoor,S51
0224.wav,campus,ground,indoor,S5
0225.wav,campus,canal,outdoor,S59
0226.wav,westend,trafalgar,outdoor,S52
0227.wav,westend,piazza,outdoor,S133
0228.wav,campus,canal,outdoor,S21
0229.wav,campus,ground,indoor,S57
0230.wav,campus,canal,outdoor,S165
0231.wav,westend,piazza,outdoor,S127
0232.wav,campus,ground,indoor,S167
0233.wav,british,greatcourt,indoor,S131
0234.wav,british,room12,indoor,S168
0235.wav,british,room12,indoor,S14
0236.wav,campus,library,outdoor,S78
0237.wav,campus,curve,indoor,S136
0238.wav,campus,library,outdoor,S3
0239.wav,campus,square,outdoor,S11
0240.wav,campus,library,outdoor,S113
0241.wav,southbank,book,outdoor,S79
0242.wav,westend,leicester,outdoor,S56
0243.wav,westend,market,indoor,S122
0244.wav,campus,reception,indoor,S139
0245.wav,british,forecourt,outdoor,S66
0246.wav,campus,library,outdoor,S151
0247.wav,southbank,waterloo,indoor,S118
0248.wav,campus,reception,indoor,S109
0249.wav,westend,leicester,outdoor,S86
0250.wav,campus,curve,indoor,S179
0251.wav,campus,reception,indoor,S168
0252.wav,british,street,outdoor,S184
0253.wav,southbank,bridge,outdoor,S71
0254.wav,british,room12,indoor,S10
0255.wav,Euston,ritblat,indoor,S89
0256.wav,campus,square,outdoor,S3
0257.wav,campus,square,outdoor,S51
0258.wav,british,forecourt,outdoor,S40
0259.wav,southbank,skate,outdoor,S49
0260.wav,british,forecourt,outdoor,S139
0261.wav,campus,reception,indoor,S10
0262.wav,campus,ground,indoor,S107
0263.wav,campus,canal,outdoor,S12
0264.wav,campus,library,outdoor,S112
0265.wav,campus,ground,indoor,S19
0266.wav,westend,market,indoor,S57
0267.wav,westend,market,indoor,S83
0268.wav,british,room12,indoor,S63
0269.wav,campus,ground,indoor,S31
0270.wav,Euston,gardens,outdoor,S187
0271.wav,southbank,skate,outdoor,S115
0272.wav,westend,leicester,outdoor,S90
0273.wav,southbank,food,outdoor,S170
0274.wav,westend,leicester,outdoor,S17
0275.wav,campus,reception,indoor,S46
0276.wav,westend,charing,indoor,S189
0277.wav,campus,ground,indoor,S86
0278.wav,westend,leicester,outdoor,S35
0279.wav,british,room12,indoor,S60
0280.wav,british,square,outdoor,S107
0281.wav,westend,trafalgar,outdoor,S173
0282.wav,southbank,waterloo,indoor,S62
0283.wav,campus,canal,outdoor,S176
0284.wav,british,greatcourt,indoor,S118
0285.wav,british,street,outdoor,S106
0286.wav,Euston,upper,indoor,S38
0287.wav,british,street,outdoor,S136
0288.wav,Euston,ritblat,indoor,S100
0289.wav,british,square,outdoor,S52
0290.wav,southbank,book,outdoor,S49
0291.wav,westend,charing,indoor,S27
0292.wav,westend,trafalgar,outdoor,S134
0293.wav,westend,national,indoor,S153
0294.wav,westend,trafalgar,outdoor,S106
0295.wav,campus,library,outdoor,S186
0296.wav,westend,market,indoor,S137
0297.wav,british,forecourt,outdoor,S63
0298.wav,southbank,skate,outdoor,S102
0299.wav,british,square,outdoor,S154
0300.wav,westend,leicester,outdoor,S172
0301.wav,campus,library,outdoor,S35
0302.wav,british,greatcourt,indoor,S108
0303.wav,campus,square,outdoor,S68
0304.wav,british,forecourt,outdoor,S23
0305.wav,southbank,bridge,outdoor,S168
0306.wav,british,square,outdoor,S88
0307.wav,campus,ground,indoor,S50
0308.wav,westend,market,indoor,S179
0309.wav,british,greatcourt,indoor,S141
0310.wav,westend,leicester,outdoor,S189
0311.wav,british,greatcourt,indoor,S39
0312.wav,Euston,forecourt,outdoor,S140
0313.wav,southbank,royal,indoor,S96
0314.wav,southbank,skate,outdoor,S41
0315.wav,campus,library,outdoor,S9
0316.wav,southbank,food,outdoor,S77
0317.wav,british,forecourt,outdoor,S80
0318.wav,southbank,skate,outdoor,S118
0319.wav,Euston,forecourt,outdoor,S85
0320.wav,campus,ground,indoor,S1
0321.wav,british,forecourt,outdoor,S135
0322.wav,campus,library,outdoor,S66
0323.wav,campus,library,outdoor,S138
0324.wav,british,room12,indoor,S108
0325.wav,campus,canal,outdoor,S144
0326.wav,british,street,outdoor,S71
0327.wav,westend,trafalgar,outdoor,S31
0328.wav,southbank,skate,outdoor,S163
0329.wav,british,greatcourt,indoor,S124
0330.wav,southbank,food,outdoor,S126
0331.wav,campus,ground,indoor,S42
0332.wav,campus,reception,indoor,S130
0333.wav,westend,trafalgar,outdoor,S177
0334.wav,southbank,skate,outdoor,S29
0335.wav,westend,leicester,outdoor,S115
0336.wav,campus,curve,indoor,S176
0337.wav,campus,curve,indoor,S190
0338.wav,kensington,albert,outdoor,S169
0339.wav,british,square,outdoor,S68
0340.wav,westend,trafalgar,outdoor,S96
0341.wav,campus,curve,indoor,S11
0342.wav,campus,square,outdoor,S177
0343.wav,campus,curve,indoor,S63
0344.wav,kensington,pond,outdoor,S119
0345.wav,british,forecourt,outdoor,S15
0346.wav,campus,ground,indoor,S74
0347.wav,kensington,cromwell,outdoor,S83
0348.wav,Euston,piazza,outdoor,S113
0349.wav,british,room12,indoor,S86
0350.wav,Euston,library,indoor,S89
0351.wav,campus,reception,indoor,S62
0352.wav,Euston,piazza,outdoor,S57
0353.wav,british,square,outdoor,S94
0354.wav,Euston,piazza,outdoor,S90
0355.wav,westend,piazza,outdoor,S78
0356.wav,southbank,royal,indoor,S47
0357.wav,campus,library,outdoor,S80
0358.wav,Euston,library,indoor,S110
0359.wav,southbank,bridge,outdoor,S34
0360.wav,westend,charing,indoor,S89
0361.wav,westend,trafalgar,outdoor,S91
0362.wav,campus,canal,outdoor,S49
0363.wav,kensington,hintze,indoor,S148
0364.wav,Euston,forecourt,outdoor,S113
0365.wav,campus,curve,indoor,S163
0366.wav,kensington,dinosaur,indoor,S179
0367.wav,westend,trafalgar,outdoor,S81
0368.wav,westend,piazza,outdoor,S30
0369.wav,southbank,book,outdoor,S109
0370.wav,british,square,outdoor,S5
0371.wav,campus,curve,indoor,S51
0372.wav,westend,national,indoor,S113
0373.wav,westend,piazza,outdoor,S154
0374.wav,kensington,albert,outdoor,S84
0375.wav,campus,curve,indoor,S181
0376.wav,westend,market,indoor,S191
0377.wav,southbank,bridge,outdoor,S45
0378.wav,campus,curve,indoor,S3
0379.wav,campus,square,outdoor,S186
0380.wav,campus,reception,indoor,S91
0381.wav,british,room12,indoor,S186
0382.wav,kensington,hintze,indoor,S32
0383.wav,westend,trafalgar,outdoor,S129
0384.wav,kensington,hintze,indoor,S72
0385.wav,Euston,library,indoor,S59
0386.wav,british,room12,indoor,S3
0387.wav,southbank,book,outdoor,S41
0388.wav,campus,library,outdoor,S97
0389.wav,westend,trafalgar,outdoor,S51
0390.wav,westend,piazza,outdoor,S21
0391.wav,british,greatcourt,indoor,S38
0392.wav,westend,charing,indoor,S148
0393.wav,southbank,bridge,outdoor,S118
0394.wav,westend,leicester,outdoor,S83
0395.wav,campus,square,outdoor,S60
0396.wav,campus,library,outdoor,S101
0397.wav,campus,reception,indoor,S50
0398.wav,Euston,library,indoor,S60
0399.wav,westend,leicester,outdoor,S167
0400.wav,campus,library,outdoor,S108
0401.wav,british,room12,indoor,S82
0402.wav,westend,charing,indoor,S49
0403.wav,campus,library,outdoor,S11
0404.wav,campus,library,outdoor,S49
0405.wav,Euston,library,indoor,S187
0406.wav,Euston,gardens,outdoor,S176
0407.wav,westend,charing,indoor,S152
0408.wav,southbank,royal,indoor,S102
0409.wav,campus,library,outdoor,S155
0410.wav,southbank,royal,indoor,S87
0411.wav,southbank,book,outdoor,S67
0412.wav,Euston,ritblat,indoor,S114
0413.wav,campus,canal,outdoor,S16
0414.wav,campus,curve,indoor,S107
0415.wav,campus,canal,outdoor,S146
0416.wav,british,forecourt,outdoor,S6
0417.wav,campus,square,outdoor,S39
0418.wav,campus,canal,outdoor,S34
0419.wav,british,street,outdoor,S189
0420.wav,british,forecourt,outdoor,S104
0421.wav,westend,trafalgar,outdoor,S131
0422.wav,british,street,outdoor,S107
0423.wav,british,street,outdoor,S6
0424.wav,british,forecourt,outdoor,S7
0425.wav,southbank,bridge,outdoor,S54
0426.wav,southbank,royal,indoor,S79
0427.wav,westend,market,indoor,S148
0428.wav,Euston,gardens,outdoor,S140
0429.wav,campus,reception,indoor,S13
0430.wav,british,square,outdoor,S168
0431.wav,kensington,cromwell,outdoor,S167
0432.wav,campus,ground,indoor,S146
0433.wav,kensington,hintze,indoor,S9
0434.wav,british,room12,indoor,S122
0435.wav,campus,library,outdoor,S34
0436.wav,british,greatcourt,indoor,S51
0437.wav,westend,piazza,outdoor,S86
0438.wav,westend,leicester,outdoor,S11
0439.wav,campus,reception,indoor,S155
0440.wav,westend,charing,indoor,S182
0441.wav,british,room12,indoor,S110
0442.wav,campus,curve,indoor,S73
0443.wav,campus,square,outdoor,S137
0444.wav,kensington,pond,outdoor,S145
0445.wav,southbank,bridge,outdoor,S42
0446.wav,southbank,food,outdoor,S91
0447.wav,campus,square,outdoor,S17
0448.wav,campus,library,outdoor,S127
0449.wav,westend,charing,indoor,S115
0450.wav,Euston,forecourt,outdoor,S54
0451.wav,westend,market,indoor,S183
0452.wav,campus,curve,indoor,S103
0453.wav,british,greatcourt,indoor,S192
0454.wav,campus,square,outdoor,S144
0455.wav,campus,canal,outdoor,S114
0456.wav,westend,trafalgar,outdoor,S101
0457.wav,westend,national,indoor,S139
0458.wav,westend,national,indoor,S57
0459.wav,westend,trafalgar,outdoor,S127
0460.wav,kensington,hintze,indoor,S114
0461.wav,british,street,outdoor,S182
0462.wav,westend,leicester,outdoor,S78
0463.wav,westend,market,indoor,S152
0464.wav,campus,curve,indoor,S65
0465.wav,campus,ground,indoor,S4
0466.wav,campus,ground,indoor,S78
0467.wav,westend,charing,indoor,S34
0468.wav,westend,piazza,outdoor,S185
0469.wav,westend,market,indoor,S139
0470.wav,westend,national,indoor,S129
0471.wav,campus,reception,indoor,S144
0472.wav,kensington,hintze,indoor,S56
0473.wav,campus,library,outdoor,S131
0474.wav,british,forecourt,outdoor,S14
0475.wav,british,forecourt,outdoor,S178
0476.wav,campus,canal,outdoor,S156
0477.wav,campus,square,outdoor,S59
0478.wav,southbank,food,outdoor,S118
0479.wav,british,room12,indoor,S154
0480.wav,campus,reception,indoor,S181
0481.wav,campus,canal,outdoor,S121
0482.wav,campus,curve,indoor,S61
0483.wav,british,greatcourt,indoor,S172
0484.wav,westend,leicester,outdoor,S15
0485.wav,westend,charing,indoor,S81
0486.wav,southbank,food,outdoor,S47
0487.wav,campus,curve,indoor,S119
0488.wav,westend,leicester,outdoor,S135
0489.wav,westend,charing,indoor,S99
0490.wav,westend,piazza,outdoor,S147
0491.wav,british,room12,indoor,S184
0492.wav,westend,piazza,outdoor,S151
0493.wav,westend,piazza,outdoor,S31
0494.wav,british,square,outdoor,S8
0495.wav,british,greatcourt,indoor,S85
0496.wav,kensington,cromwell,outdoor,S72
0497.wav,southbank,bridge,outdoor,S91
0498.wav,campus,ground,indoor,S51
0499.wav,southbank,bridge,outdoor,S67
0500.wav,campus,square,outdoor,S179
0501.wav,campus,square,outdoor,S157
0502.wav,kensington,pond,outdoor,S147
0503.wav,british,room12,indoor,S124
0504.wav,southbank,food,outdoor,S17
0505.wav,westend,leicester,outdoor,S39
0506.wav,westend,national,indoor,S157
0507.wav,campus,library,outdoor,S162
0508.wav,campus,square,outdoor,S49
0509.wav,westend,market,indoor,S165
0510.wav,campus,square,outdoor,S29
0511.wav,british,greatcourt,indoor,S58
0512.wav,westend,charing,indoor,S185
0513.wav,Euston,forecourt,outdoor,S62
0514.wav,westend,leicester,outdoor,S24
0515.wav,campus,library,outdoor,S23
0516.wav,westend,market,indoor,S55
0517.wav,westend,national,indoor,S72
0518.wav,campus,square,outdoor,S105
0519.wav,campus,square,outdoor,S107
0520.wav,westend,market,indoor,S48
0521.wav,british,square,outdoor,S86
0522.wav,campus,library,outdoor,S176
0523.wav,westend,piazza,outdoor,S152
0524.wav,southbank,skate,outdoor,S71
0525.wav,campus,canal,outdoor,S138
0526.wav,british,forecourt,outdoor,S118
0527.wav,westend,trafalgar,outdoor,S181
0528.wav,campus,canal,outdoor,S172
0529.wav,westend,charing,indoor,S154
0530.wav,campus,ground,indoor,S75
0531.wav,Euston,upper,indoor,S109
0532.wav,Euston,gardens,outdoor,S38
0533.wav,british,square,outdoor,S110
0534.wav,campus,ground,indoor,S40
0535.wav,Euston,gardens,outdoor,S150
0536.wav,campus,library,outdoor,S129
0537.wav,campus,reception,indoor,S112
0538.wav,Euston,piazza,outdoor,S12
0539.wav,british,square,outdoor,S24
0540.wav,campus,ground,indoor,S56
0541.wav,campus,curve,indoor,S95
0542.wav,kensington,albert,outdoor,S99
0543.wav,southbank,bridge,outdoor,S115
0544.wav,Euston,upper,indoor,S43
0545.wav,campus,ground,indoor,S77
0546.wav,campus,library,outdoor,S43
0547.wav,campus,reception,indoor,S113
0548.wav,campus,square,outdoor,S155
0549.wav,campus,canal,outdoor,S102
0550.wav,campus,canal,outdoor,S163
0551.wav,campus,reception,indoor,S165
0552.wav,westend,trafalgar,outdoor,S21
0553.wav,campus,curve,indoor,S138
0554.wav,westend,leicester,outdoor,S61
0555.wav,westend,market,indoor,S46
0556.wav,british,forecourt,outdoor,S108
0557.wav,british,greatcourt,indoor,S112
0558.wav,Euston,gardens,outdoor,S114
0559.wav,westend,market,indoor,S99
0560.wav,campus,square,outdoor,S19
0561.wav,westend,national,indoor,S155
0562.wav,westend,national,indoor,S21
0563.wav,british,forecourt,outdoor,S5
0564.wav,westend,market,indoor,S155
0565.wav,southbank,waterloo,indoor,S29
0566.wav,campus,canal,outdoor,S159
0567.wav,british,square,outdoor,S66
0568.wav,campus,square,outdoor,S48
0569.wav,campus,square,outdoor,S193
0570.wav,campus,canal,outdoor,S169
0571.wav,kensington,pond,outdoor,S179
0572.wav,southbank,food,outdoor,S67
0573.wav,westend,market,indoor,S71
0574.wav,westend,national,indoor,S143
0575.wav,westend,piazza,outdoor,S178
0576.wav,kensington,dinosaur,indoor,S99
0577.wav,Euston,upper,indoor,S142
0578.wav,westend,national,indoor,S159
0579.wav,british,square,outdoor,S81
0580.wav,westend,trafalgar,outdoor,S27
0581.wav,westend,market,indoor,S177
0582.wav,westend,charing,indoor,S16
0583.wav,campus,reception,indoor,S94
0584.wav,campus,library,outdoor,S96
0585.wav,Euston,forecourt,outdoor,S174
0586.wav,southbank,book,outdoor,S96
0587.wav,westend,national,indoor,S1
0588.wav,campus,square,outdoor,S127
0589.wav,westend,national,indoor,S183
0590.wav,british,square,outdoor,S162
0591.wav,Euston,gardens,outdoor,S63
0592.wav,campus,library,outdoor,S135
0593.wav,westend,national,indoor,S49
0594.wav,campus,square,outdoor,S104
0595.wav,westend,national,indoor,S126
0596.wav,westend,charing,indoor,S59
0597.wav,british,room12,indoor,S134
0598.wav,Euston,ritblat,indoor,S15
0599.wav,southbank,waterloo,indoor,S4
0600.wav,campus,curve,indoor,S187
0601.wav,westend,charing,indoor,S79
0602.wav,kensington,cromwell,outdoor,S153
0603.wav,westend,charing,indoor,S30
0604.wav,british,street,outdoor,S108
0605.wav,campus,square,outdoor,S4
0606.wav,westend,national,indoor,S66
0607.wav,westend,national,indoor,S88
0608.wav,campus,library,outdoor,S136
0609.wav,westend,trafalgar,outdoor,S113
0610.wav,southbank,waterloo,indoor,S54
0611.wav,campus,canal,outdoor,S78
0612.wav,campus,curve,indoor,S20
0613.wav,campus,ground,indoor,S99
0614.wav,westend,leicester,outdoor,S58
0615.wav,kensington,albert,outdoor,S32
0616.wav,campus,reception,indoor,S11
0617.wav,campus,square,outdoor,S45
0618.wav,campus,square,outdoor,S95
0619.wav,campus,canal,outdoor,S129
0620.wav,campus,curve,indoor,S111
0621.wav,Euston,piazza,outdoor,S15
0622.wav,westend,leicester,outdoor,S127
0623.wav,westend,market,indoor,S24
0624.wav,Euston,library,indoor,S15
0625.wav,southbank,waterloo,indoor,S152
0626.wav,southbank,book,outdoor,S36
0627.wav,campus,canal,outdoor,S48
0628.wav,campus,ground,indoor,S14
0629.wav,southbank,waterloo,indoor,S49
0630.wav,kensington,cromwell,outdoor,S56
0631.wav,campus,curve,indoor,S74
0632.wav,westend,trafalgar,outdoor,S147
0633.wav,campus,canal,outdoor,S72
0634.wav,campus,library,outdoor,S30
0635.wav,westend,charing,indoor,S159
0636.wav,westend,piazza,outdoor,S58
0637.wav,campus,square,outdoor,S31
0638.wav,campus,canal,outdoor,S50
0639.wav,campus,library,outdoor,S60
0640.wav,westend,leicester,outdoor,S81
0641.wav,british,room12,indoor,S69
0642.wav,campus,square,outdoor,S35
0643.wav,westend,piazza,outdoor,S40
0644.wav,campus,ground,indoor,S96
0645.wav,british,square,outdoor,S93
0646.wav,westend,national,indoor,S24
0647.wav,campus,ground,indoor,S12
0648.wav,westend,piazza,outdoor,S153
0649.wav,kensington,hintze,indoor,S177
0650.wav,southbank,bridge,outdoor,S164
0651.wav,british,greatcourt,indoor,S154
0652.wav,westend,trafalgar,outdoor,S20
0653.wav,british,greatcourt,indoor,S94
0654.wav,british,greatcourt,indoor,S178
0655.wav,westend,trafalgar,outdoor,S41
0656.wav,Euston,library,indoor,S113
0657.wav,british,street,outdoor,S174
0658.wav,westend,market,indoor,S28
0659.wav,british,greatcourt,indoor,S134
0660.wav,campus,ground,indoor,S60
0661.wav,westend,market,indoor,S182
0662.wav,campus,curve,indoor,S173
0663.wav,british,forecourt,outdoor,S187
0664.wav,campus,reception,indoor,S68
0665.wav,southbank,royal,indoor,S83
0666.wav,british,room12,indoor,S88
0667.wav,campus,library,outdoor,S106
0668.wav,campus,square,outdoor,S88
0669.wav,westend,market,indoor,S129
0670.wav,Euston,ritblat,indoor,S12
0671.wav,westend,trafalgar,outdoor,S67
0672.wav,southbank,food,outdoor,S159
0673.wav,Euston,gardens,outdoor,S186
0674.wav,westend,leicester,outdoor,S94
0675.wav,Euston,library,indoor,S47
0676.wav,campus,curve,indoor,S114
0677.wav,Euston,library,indoor,S150
0678.wav,westend,trafalgar,outdoor,S65
0679.wav,campus,reception,indoor,S101
0680.wav,southbank,waterloo,indoor,S91
0681.wav,westend,national,indoor,S163
0682.wav,campus,reception,indoor,S75
0683.wav,british,greatcourt,indoor,S86
0684.wav,Euston,forecourt,outdoor,S4
0685.wav,westend,market,indoor,S30
0686.wav,Euston,ritblat,indoor,S38
0687.wav,Euston,library,indoor,S145
0688.wav,Euston,library,indoor,S114
0689.wav,campus,canal,outdoor,S38
0690.wav,campus,ground,indoor,S168
0691.wav,campus,ground,indoor,S54
0692.wav,kensington,marine,indoor,S179
0693.wav,british,street,outdoor,S134
0694.wav,british,forecourt,outdoor,S174
0695.wav,westend,charing,indoor,S40
0696.wav,westend,market,indoor,S151
0697.wav,british,street,outdoor,S100
0698.wav,british,street,outdoor,S104
0699.wav,westend,piazza,outdoor,S121
0700.wav,westend,market,indoor,S97
0701.wav,campus,reception,indoor,S42
0702.wav,westend,national,indoor,S76
0703.wav,british,room12,indoor,S151
0704.wav,campus,library,outdoor,S40
0705.wav,campus,canal,outdoor,S145
0706.wav,kensington,cromwell,outdoor,S9
0707.wav,Euston,forecourt,outdoor,S46
0708.wav,Euston,upper,indoor,S63
0709.wav,campus,ground,indoor,S166
0710.wav,campus,library,outdoor,S192
0711.wav,westend,piazza,outdoor,S134
0712.wav,kensington,cromwell,outdoor,S169
0713.wav,campus,curve,indoor,S101
0714.wav,westend,piazza,outdoor,S182
0715.wav,Euston,ritblat,indoor,S113
0716.wav,westend,trafalgar,outdoor,S105
0717.wav,campus,curve,indoor,S156
0718.wav,campus,ground,indoor,S81
0719.wav,Euston,ritblat,indoor,S103
0720.wav,campus,canal,outdoor,S109
0721.wav,westend,market,indoor,S37
0722.wav,campus,reception,indoor,S167
0723.wav,campus,canal,outdoor,S80
0724.wav,southbank,food,outdoor,S49
0725.wav,westend,trafalgar,outdoor,S43
0726.wav,campus,canal,outdoor,S183
0727.wav,Euston,piazza,outdoor,S146
0728.wav,Euston,upper,indoor,S186
0729.wav,westend,piazza,outdoor,S15
0730.wav,southbank,waterloo,indoor,S47
0731.wav,british,forecourt,outdoor,S52
0732.wav,british,forecourt,outdoor,S85
0733.wav,british,room12,indoor,S141
0734.wav,westend,trafalgar,outdoor,S146
0735.wav,campus,reception,indoor,S12
0736.wav,campus,curve,indoor,S99
0737.wav,southbank,royal,indoor,S159
0738.wav,westend,market,indoor,S136
0739.wav,westend,leicester,outdoor,S124
0740.wav,campus,curve,indoor,S38
0741.wav,campus,library,outdoor,S165
0742.wav,westend,leicester,outdoor,S76
0743.wav,campus,canal,outdoor,S43
0744.wav,campus,curve,indoor,S129
0745.wav,british,greatcourt,indoor,S14
0746.wav,campus,canal,outdoor,S51
0747.wav,kensington,albert,outdoor,S82
0748.wav,campus,reception,indoor,S30
0749.wav,campus,canal,outdoor,S9
0750.wav,campus,canal,outdoor,S191
0751.wav,southbank,royal,indoor,S91
0752.wav,campus,square,outdoor,S90
0753.wav,kensington,pond,outdoor,S177
0754.wav,campus,ground,indoor,S93
0755.wav,campus,library,outdoor,S99
0756.wav,british,greatcourt,indoor,S48
0757.wav,campus,canal,outdoor,S25
0758.wav,Euston,piazza,outdoor,S145
0759.wav,westend,charing,indoor,S78
0760.wav,campus,ground,indoor,S176
0761.wav,westend,market,indoor,S18
0762.wav,british,room13,indoor,S71
0763.wav,westend,national,indoor,S89
0764.wav,campus,square,outdoor,S92
0765.wav,kensington,albert,outdoor,S103
0766.wav,westend,charing,indoor,S153
0767.wav,Euston,ritblat,indoor,S165
0768.wav,southbank,book,outdoor,S164
0769.wav,campus,library,outdoor,S91
0770.wav,campus,curve,indoor,S132
0771.wav,british,room12,indoor,S192
0772.wav,westend,charing,indoor,S29
0773.wav,Euston,gardens,outdoor,S45
0774.wav,campus,canal,outdoor,S166
0775.wav,campus,curve,indoor,S135
0776.wav,Euston,library,indoor,S129
0777.wav,campus,curve,indoor,S43
0778.wav,southbank,skate,outdoor,S150
0779.wav,british,square,outdoor,S141
0780.wav,Euston,gardens,outdoor,S85
0781.wav,british,room12,indoor,S112
0782.wav,westend,trafalgar,outdoor,S42
0783.wav,westend,market,indoor,S86
0784.wav,campus,library,outdoor,S145
0785.wav,southbank,food,outdoor,S54
0786.wav,british,street,outdoor,S80
0787.wav,campus,curve,indoor,S49
0788.wav,campus,ground,indoor,S48
0789.wav,campus,reception,indoor,S122
0790.wav,westend,national,indoor,S121
0791.wav,Euston,forecourt,outdoor,S129
0792.wav,westend,leicester,outdoor,S179
0793.wav,kensington,cromwell,outdoor,S32
0794.wav,westend,charing,indoor,S193
0795.wav,campus,square,outdoor,S52
0796.wav,campus,library,outdoor,S37
0797.wav,campus,canal,outdoor,S39
0798.wav,british,room12,indoor,S193
0799.wav,southbank,bridge,outdoor,S159
0800.wav,westend,trafalgar,outdoor,S143
0801.wav,campus,reception,indoor,S51
0802.wav,campus,canal,outdoor,S74
0803.wav,westend,charing,indoor,S10
0804.wav,westend,national,indoor,S97
0805.wav,campus,square,outdoor,S101
0806.wav,campus,library,outdoor,S94
0807.wav,campus,library,outdoor,S191
0808.wav,campus,reception,indoor,S9
0809.wav,british,street,outdoor,S142
0810.wav,Euston,gardens,outdoor,S89
0811.wav,westend,trafalgar,outdoor,S95
0812.wav,campus,square,outdoor,S8
0813.wav,campus,square,outdoor,S75
0814.wav,westend,charing,indoor,S43
0815.wav,campus,ground,indoor,S152
0816.wav,Euston,upper,indoor,S5
0817.wav,british,room12,indoor,S26
0818.wav,british,forecourt,outdoor,S100
0819.wav,westend,leicester,outdoor,S87
0820.wav,campus,ground,indoor,S145
0821.wav,kensington,albert,outdoor,S153
0822.wav,campus,reception,indoor,S179
0823.wav,campus,reception,indoor,S121
0824.wav,british,street,outdoor,S15
0825.wav,campus,curve,indoor,S82
0826.wav,british,greatcourt,indoor,S24
0827.wav,westend,trafalgar,outdoor,S88
0828.wav,westend,leicester,outdoor,S136
0829.wav,southbank,royal,indoor,S29
0830.wav,westend,leicester,outdoor,S75
0831.wav,campus,curve,indoor,S42
0832.wav,campus,library,outdoor,S79
0833.wav,campus,square,outdoor,S64
0834.wav,campus,canal,outdoor,S81
0835.wav,southbank,waterloo,indoor,S28
0836.wav,campus,curve,indoor,S112
0837.wav,westend,piazza,outdoor,S97
0838.wav,british,forecourt,outdoor,S122
0839.wav,Euston,piazza,outdoor,S142
0840.wav,british,forecourt,outdoor,S189
0841.wav,campus,ground,indoor,S134
0842.wav,southbank,food,outdoor,S115
0843.wav,british,room12,indoor,S5
0844.wav,westend,leicester,outdoor,S177
0845.wav,campus,canal,outdoor,S152
0846.wav,campus,library,outdoor,S144
0847.wav,campus,ground,indoor,S155
0848.wav,british,street,outdoor,S58
0849.wav,westend,leicester,outdoor,S118
0850.wav,campus,square,outdoor,S28
0851.wav,kensington,dinosaur,indoor,S143
0852.wav,kensington,albert,outdoor,S191
0853.wav,Euston,piazza,outdoor,S165
0854.wav,Euston,ritblat,indoor,S166
0855.wav,campus,ground,indoor,S104
0856.wav,Euston,piazza,outdoor,S109
0857.wav,campus,reception,indoor,S92
0858.wav,british,room12,indoor,S18
0859.wav,campus,ground,indoor,S165
0860.wav,british,street,outdoor,S156
0861.wav,campus,ground,indoor,S72
0862.wav,campus,ground,indoor,S90
0863.wav,campus,reception,indoor,S129
0864.wav,campus,ground,indoor,S131
0865.wav,campus,curve,indoor,S150
0866.wav,campus,ground,indoor,S73
0867.wav,campus,library,outdoor,S92
0868.wav,campus,curve,indoor,S34
0869.wav,campus,library,outdoor,S82
0870.wav,westend,charing,indoor,S12
0871.wav,westend,leicester,outdoor,S185
0872.wav,campus,ground,indoor,S68
0873.wav,westend,charing,indoor,S69
0874.wav,british,forecourt,outdoor,S110
0875.wav,westend,national,indoor,S52
0876.wav,Euston,ritblat,indoor,S85
0877.wav,british,greatcourt,indoor,S37
0878.wav,british,street,outdoor,S112
0879.wav,british,greatcourt,indoor,S18
0880.wav,campus,reception,indoor,S107
0881.wav,campus,library,outdoor,S121
0882.wav,westend,market,indoor,S78
0883.wav,westend,charing,indoor,S51
0884.wav,westend,market,indoor,S104
0885.wav,kensington,cromwell,outdoor,S84
0886.wav,british,street,outdoor,S169
0887.wav,british,room12,indoor,S40
0888.wav,kensington,dinosaur,indoor,S32
0889.wav,campus,canal,outdoor,S103
0890.wav,british,room12,indoor,S75
0891.wav,kensington,marine,indoor,S147
0892.wav,campus,ground,indoor,S9
0893.wav,british,room12,indoor,S155
0894.wav,campus,reception,indoor,S1
0895.wav,westend,market,indoor,S21
0896.wav,campus,curve,indoor,S96
0897.wav,southbank,skate,outdoor,S79
0898.wav,british,greatcourt,indoor,S93
0899.wav,campus,ground,indoor,S27
0900.wav,british,square,outdoor,S122
0901.wav,Euston,forecourt,outdoor,S11
0902.wav,westend,market,indoor,S79
0903.wav,westend,trafalgar,outdoor,S3
0904.wav,british,square,outdoor,S128
0905.wav,westend,leicester,outdoor,S151
0906.wav,british,room12,indoor,S13
0907.wav,campus,square,outdoor,S106
0908.wav,westend,charing,indoor,S74
0909.wav,british,street,outdoor,S133
0910.wav,westend,market,indoor,S52
0911.wav,westend,market,indoor,S133
0912.wav,southbank,food,outdoor,S190
0913.wav,campus,canal,outdoor,S181
0914.wav,british,forecourt,outdoor,S24
0915.wav,campus,ground,indoor,S10
0916.wav,westend,leicester,outdoor,S29
0917.wav,westend,trafalgar,outdoor,S165
0918.wav,Euston,ritblat,indoor,S54
0919.wav,british,square,outdoor,S106
0920.wav,campus,canal,outdoor,S130
0921.wav,campus,reception,indoor,S97
0922.wav,westend,leicester,outdoor,S99
0923.wav,westend,trafalgar,outdoor,S18
0924.wav,british,forecourt,outdoor,S155
0925.wav,westend,national,indoor,S172
0926.wav,southbank,royal,indoor,S74
0927.wav,british,room12,indoor,S189
0928.wav,westend,market,indoor,S89
0929.wav,southbank,royal,indoor,S62
0930.wav,campus,library,outdoor,S10
0931.wav,southbank,book,outdoor,S168
0932.wav,westend,trafalgar,outdoor,S141
0933.wav,campus,canal,outdoor,S14
0934.wav,westend,leicester,outdoor,S18
0935.wav,british,street,outdoor,S3
0936.wav,westend,leicester,outdoor,S153
0937.wav,westend,piazza,outdoor,S99
0938.wav,Euston,piazza,outdoor,S129
0939.wav,westend,market,indoor,S39
0940.wav,campus,square,outdoor,S185
0941.wav,campus,canal,outdoor,S111
0942.wav,Euston,ritblat,indoor,S45
0943.wav,campus,curve,indoor,S154
0944.wav,southbank,skate,outdoor,S42
0945.wav,british,forecourt,outdoor,S137
0946.wav,campus,curve,indoor,S23
0947.wav,campus,canal,outdoor,S6
0948.wav,campus,curve,indoor,S97
0949.wav,westend,piazza,outdoor,S191
0950.wav,campus,curve,indoor,S94
0951.wav,southbank,book,outdoor,S170
0952.wav,Euston,gardens,outdoor,S101
0953.wav,campus,square,outdoor,S10
0954.wav,southbank,royal,indoor,S142
0955.wav,british,forecourt,outdoor,S184
0956.wav,campus,curve,indoor,S127
0957.wav,Euston,gardens,outdoor,S157
0958.wav,campus,ground,indoor,S66
0959.wav,campus,reception,indoor,S187
0960.wav,westend,national,indoor,S185
0961.wav,campus,curve,indoor,S169
0962.wav,southbank,waterloo,indoor,S83
0963.wav,campus,curve,indoor,S46
0964.wav,Euston,forecourt,outdoor,S166
0965.wav,campus,reception,indoor,S80
0966.wav,campus,square,outdoor,S148
0967.wav,southbank,bridge,outdoor,S87
0968.wav,kensington,dinosaur,indoor,S114
0969.wav,campus,square,outdoor,S152
0970.wav,campus,curve,indoor,S145
0971.wav,campus,library,outdoor,S124
0972.wav,westend,piazza,outdoor,S170
0973.wav,campus,library,outdoor,S5
0974.wav,westend,trafalgar,outdoor,S124
0975.wav,campus,library,outdoor,S163
0976.wav,Euston,upper,indoor,S57
0977.wav,british,room12,indoor,S142
0978.wav,westend,national,indoor,S67
0979.wav,Euston,library,indoor,S108
0980.wav,westend,leicester,outdoor,S146
0981.wav,campus,reception,indoor,S86
0982.wav,westend,market,indoor,S20
0983.wav,Euston,upper,indoor,S50
0984.wav,westend,national,indoor,S61
0985.wav,british,square,outdoor,S13
0986.wav,kensington,albert,outdoor,S145
0987.wav,british,room12,indoor,S24
0988.wav,campus,square,outdoor,S79
0989.wav,Euston,ritblat,indoor,S142
0990.wav,campus,ground,indoor,S17
0991.wav,campus,curve,indoor,S193
0992.wav,british,room12,indoor,S107
0993.wav,westend,piazza,outdoor,S17
0994.wav,westend,charing,indoor,S11
0995.wav,westend,charing,indoor,S21
0996.wav,campus,reception,indoor,S54
0997.wav,southbank,book,outdoor,S47
0998.wav,british,greatcourt,indoor,S106
0999.wav,campus,library,outdoor,S184
1000.wav,westend,national,indoor,S48
1001.wav,Euston,library,indoor,S142
1002.wav,Euston,piazza,outdoor,S4
1003.wav,westend,piazza,outdoor,S179
1004.wav,campus,library,outdoor,S147
1005.wav,westend,charing,indoor,S155
1006.wav,campus,reception,indoor,S172
1007.wav,british,square,outdoor,S156
1008.wav,campus,library,outdoor,S14
1009.wav,campus,reception,indoor,S105
1010.wav,campus,canal,outdoor,S131
1011.wav,campus,ground,indoor,S186
1012.wav,british,greatcourt,indoor,S25
1013.wav,westend,national,indoor,S122
1014.wav,westend,charing,indoor,S87
1015.wav,kensington,dinosaur,indoor,S119
1016.wav,campus,library,outdoor,S168
1017.wav,westend,piazza,outdoor,S59
1018.wav,campus,library,outdoor,S74
1019.wav,Euston,gardens,outdoor,S4
1020.wav,westend,national,indoor,S167
1021.wav,british,forecourt,outdoor,S112
1022.wav,southbank,royal,indoor,S170
1023.wav,westend,piazza,outdoor,S10
1024.wav,southbank,bridge,outdoor,S152
1025.wav,campus,canal,outdoor,S68
1026.wav,kensington,dinosaur,indoor,S177
1027.wav,Euston,gardens,outdoor,S14
1028.wav,westend,piazza,outdoor,S61
1029.wav,southbank,waterloo,indoor,S109
1030.wav,british,forecourt,outdoor,S26
1031.wav,Euston,ritblat,indoor,S4
1032.wav,westend,piazza,outdoor,S67
1033.wav,campus,curve,indoor,S117
1034.wav,westend,national,indoor,S47
1035.wav,british,room12,indoor,S80
1036.wav,Euston,upper,indoor,S97
1037.wav,westend,charing,indoor,S165
1038.wav,kensington,marine,indoor,S132
1039.wav,campus,reception,indoor,S88
1040.wav,campus,library,outdoor,S1
1041.wav,british,room12,indoor,S144
1042.wav,kensington,dinosaur,indoor,S132
1043.wav,campus,canal,outdoor,S186
1044.wav,campus,curve,indoor,S69
1045.wav,campus,ground,indoor,S138
1046.wav,westend,leicester,outdoor,S49
1047.wav,westend,trafalgar,outdoor,S1
1048.wav,campus,canal,outdoor,S119
1049.wav,Euston,piazza,outdoor,S103
1050.wav,campus,curve,indoor,S184
1051.wav,campus,canal,outdoor,S24
1052.wav,westend,national,indoor,S20
1053.wav,british,forecourt,outdoor,S48
1054.wav,campus,canal,outdoor,S42
1055.wav,kensington,marine,indoor,S143
1056.wav,Euston,library,indoor,S4
1057.wav,Euston,library,indoor,S109
1058.wav,british,greatcourt,indoor,S63
1059.wav,campus,curve,indoor,S124
1060.wav,british,forecourt,outdoor,S87
1061.wav,british,room12,indoor,S7
1062.wav,campus,curve,indoor,S18
1063.wav,Euston,piazza,outdoor,S60
1064.wav,campus,canal,outdoor,S113
1065.wav,british,greatcourt,indoor,S156
1066.wav,campus,curve,indoor,S110
1067.wav,westend,leicester,outdoor,S20
1068.wav,southbank,waterloo,indoor,S163
1069.wav,Euston,library,indoor,S5
1070.wav,southbank,food,outdoor,S45
1071.wav,westend,charing,indoor,S58
1072.wav,campus,ground,indoor,S38
1073.wav,westend,piazza,outdoor,S172
1074.wav,westend,leicester,outdoor,S30
1075.wav,westend,charing,indoor,S52
1076.wav,campus,square,outdoor,S73
1077.wav,british,greatcourt,indoor,S5
1078.wav,campus,ground,indoor,S133
1079.wav,campus,square,outdoor,S140
1080.wav,campus,square,outdoor,S16
1081.wav,kensington,pond,outdoor,S191
1082.wav,westend,piazza,outdoor,S126
1083.wav,westend,national,indoor,S190
1084.wav,Euston,ritblat,indoor,S176
1085.wav,westend,trafalgar,outdoor,S100
1086.wav,westend,trafalgar,outdoor,S136
1087.wav,westend,trafalgar,outdoor,S152
1088.wav,westend,charing,indoor,S177
1089.wav,british,greatcourt,indoor,S170
1090.wav,kensington,hintze,indoor,S102
1091.wav,british,street,outdoor,S81
1092.wav,westend,market,indoor,S10
1093.wav,campus,reception,indoor,S38
1094.wav,campus,curve,indoor,S88
1095.wav,british,street,outdoor,S122
1096.wav,westend,piazza,outdoor,S122
1097.wav,campus,curve,indoor,S58
1098.wav,kensington,cromwell,outdoor,S132
1099.wav,Euston,library,indoor,S43
1100.wav,british,street,outdoor,S192
1101.wav,westend,national,indoor,S152
1102.wav,campus,ground,indoor,S65
1103.wav,kensington,marine,indoor,S19
1104.wav,campus,canal,outdoor,S88
1105.wav,westend,leicester,outdoor,S164
1106.wav,campus,square,outdoor,S63
1107.wav,Euston,piazza,outdoor,S97
1108.wav,kensington,marine,indoor,S103
1109.wav,campus,library,outdoor,S110
1110.wav,british,square,outdoor,S100
1111.wav,westend,national,indoor,S101
1112.wav,campus,reception,indoor,S117
1113.wav,southbank,book,outdoor,S4
1114.wav,kensington,dinosaur,indoor,S192
1115.wav,british,street,outdoor,S110
1116.wav,Euston,ritblat,indoor,S93
1117.wav,westend,piazza,outdoor,S124
1118.wav,westend,piazza,outdoor,S49
1119.wav,southbank,skate,outdoor,S170
1120.wav,campus,curve,indoor,S40
1121.wav,campus,ground,indoor,S6
1122.wav,westend,piazza,outdoor,S36
1123.wav,Euston,library,indoor,S157
1124.wav,southbank,skate,outdoor,S54
1125.wav,westend,charing,indoor,S172
1126.wav,campus,reception,indoor,S151
1127.wav,westend,leicester,outdoor,S42
1128.wav,campus,canal,outdoor,S136
1129.wav,westend,market,indoor,S27
1130.wav,campus,reception,indoor,S137
1131.wav,campus,square,outdoor,S21
1132.wav,campus,library,outdoor,S182
1133.wav,campus,reception,indoor,S29
1134.wav,campus,reception,indoor,S103
1135.wav,westend,national,indoor,S29
1136.wav,Euston,forecourt,outdoor,S59
1137.wav,westend,charing,indoor,S46
1138.wav,Euston,piazza,outdoor,S50
1139.wav,southbank,waterloo,indoor,S42
1140.wav,campus,ground,indoor,S11
1141.wav,campus,reception,indoor,S21
1142.wav,westend,piazza,outdoor,S46
1143.wav,campus,ground,indoor,S106
1144.wav,westend,charing,indoor,S72
1145.wav,Euston,forecourt,outdoor,S45
1146.wav,westend,national,indoor,S148
1147.wav,westend,charing,indoor,S118
1148.wav,southbank,skate,outdoor,S109
1149.wav,campus,curve,indoor,S139
1150.wav,british,greatcourt,indoor,S52
1151.wav,westend,national,indoor,S12
1152.wav,Euston,piazza,outdoor,S100
1153.wav,southbank,waterloo,indoor,S67
1154.wav,campus,curve,indoor,S90
1155.wav,campus,ground,indoor,S59
1156.wav,british,street,outdoor,S140
1157.wav,southbank,book,outdoor,S91
1158.wav,british,street,outdoor,S37
1159.wav,kensington,hintze,indoor,S167
1160.wav,kensington,dinosaur,indoor,S22
1161.wav,campus,canal,outdoor,S99
1162.wav,campus,curve,indoor,S116
1163.wav,campus,canal,outdoor,S1
1164.wav,campus,library,outdoor,S64
1165.wav,southbank,skate,outdoor,S159
1166.wav,british,forecourt,outdoor,S65
1167.wav,westend,leicester,outdoor,S69
1168.wav,kensington,albert,outdoor,S192
1169.wav,westend,leicester,outdoor,S59
1170.wav,westend,leicester,outdoor,S190
1171.wav,westend,market,indoor,S76
1172.wav,westend,market,indoor,S87
1173.wav,Euston,gardens,outdoor,S15
1174.wav,campus,ground,indoor,S37
1175.wav,campus,library,outdoor,S119
1176.wav,campus,canal,outdoor,S69
1177.wav,campus,square,outdoor,S38
1178.wav,westend,trafalgar,outdoor,S69
1179.wav,campus,curve,indoor,S48
1180.wav,campus,library,outdoor,S130
1181.wav,british,room12,indoor,S94
1182.wav,westend,national,indoor,S28
1183.wav,Euston,upper,indoor,S145
1184.wav,campus,ground,indoor,S136
1185.wav,westend,piazza,outdoor,S135
1186.wav,campus,ground,indoor,S58
1187.wav,campus,reception,indoor,S159
1188.wav,british,greatcourt,indoor,S140
1189.wav,campus,reception,indoor,S176
1190.wav,southbank,waterloo,indoor,S77
1191.wav,westend,piazza,outdoor,S41
1192.wav,campus,reception,indoor,S169
1193.wav,westend,market,indoor,S1
1194.wav,british,square,outdoor,S136
1195.wav,Euston,ritblat,indoor,S140
1196.wav,westend,national,indoor,S178
1197.wav,westend,leicester,outdoor,S43
1198.wav,campus,square,outdoor,S108
1199.wav,westend,piazza,outdoor,S189
1200.wav,westend,piazza,outdoor,S35
1201.wav,campus,square,outdoor,S80
1202.wav,campus,square,outdoor,S69
1203.wav,westend,piazza,outdoor,S141
1204.wav,campus,reception,indoor,S95
1205.wav,southbank,skate,outdoor,S190
1206.wav,british,square,outdoor,S193
1207.wav,campus,curve,indoor,S50
1208.wav,british,street,outdoor,S185
1209.wav,Euston,upper,indoor,S62
1210.wav,southbank,bridge,outdoor,S76
1211.wav,campus,ground,indoor,S23
1212.wav,campus,ground,indoor,S172
1213.wav,british,greatcourt,indoor,S82
1214.wav,campus,canal,outdoor,S3
1215.wav,kensington,marine,indoor,S148
1216.wav,westend,charing,indoor,S15
1217.wav,westend,piazza,outdoor,S69
1218.wav,kensington,hintze,indoor,S169
1219.wav,Euston,gardens,outdoor,S100
1220.wav,westend,trafalgar,outdoor,S166
1221.wav,Euston,gardens,outdoor,S90
1222.wav,campus,curve,indoor,S159
1223.wav,british,square,outdoor,S186
1224.wav,campus,ground,indoor,S108
1225.wav,kensington,pond,outdoor,S192
1226.wav,westend,charing,indoor,S20
1227.wav,westend,leicester,outdoor,S155
1228.wav,westend,charing,indoor,S35
1229.wav,campus,curve,indoor,S16
1230.wav,westend,leicester,outdoor,S139
1231.wav,westend,piazza,outdoor,S80
1232.wav,Euston,forecourt,outdoor,S12
1233.wav,southbank,royal,indoor,S178
1234.wav,campus,reception,indoor,S134
1235.wav,westend,trafalgar,outdoor,S37
1236.wav,campus,square,outdoor,S34
1237.wav,campus,ground,indoor,S148
1238.wav,Euston,ritblat,indoor,S146
1239.wav,westend,trafalgar,outdoor,S176
1240.wav,british,square,outdoor,S38
1241.wav,campus,curve,indoor,S25
1242.wav,southbank,bridge,outdoor,S85
1243.wav,campus,curve,indoor,S14
1244.wav,westend,charing,indoor,S191
1245.wav,campus,canal,outdoor,S94
1246.wav,campus,curve,indoor,S81
1247.wav,british,greatcourt,indoor,S139
1248.wav,southbank,book,outdoor,S190
1249.wav,campus,canal,outdoor,S184
1250.wav,southbank,book,outdoor,S115
1251.wav,Euston,gardens,outdoor,S109
1252.wav,campus,ground,indoor,S140
1253.wav,british,forecourt,outdoor,S140
1254.wav,campus,square,outdoor,S163
1255.wav,kensington,albert,outdoor,S143
1256.wav,Euston,gardens,outdoor,S129
1257.wav,british,street,outdoor,S155
1258.wav,southbank,bridge,outdoor,S170
1259.wav,westend,trafalgar,outdoor,S163
1260.wav,campus,reception,indoor,S145
1261.wav,british,forecourt,outdoor,S8
1262.wav,westend,piazza,outdoor,S88
1263.wav,southbank,book,outdoor,S71
1264.wav,campus,ground,indoor,S61
1265.wav,southbank,royal,indoor,S126
1266.wav,Euston,library,indoor,S146
1267.wav,campus,curve,indoor,S126
1268.wav,westend,trafalgar,outdoor,S13
1269.wav,Euston,ritblat,indoor,S129
1270.wav,westend,market,indoor,S95
1271.wav,campus,reception,indoor,S79
1272.wav,southbank,food,outdoor,S29
1273.wav,campus,square,outdoor,S99
1274.wav,westend,national,indoor,S19
1275.wav,kensington,pond,outdoor,S107
1276.wav,kensington,hintze,indoor,S145
1277.wav,westend,market,indoor,S153
1278.wav,Euston,piazza,outdoor,S157
1279.wav,westend,national,indoor,S40
1280.wav,british,room12,indoor,S100
1281.wav,westend,trafalgar,outdoor,S64
1282.wav,westend,charing,indoor,S1
1283.wav,westend,national,indoor,S30
1284.wav,westend,market,indoor,S75
1285.wav,westend,piazza,outdoor,S139
1286.wav,westend,leicester,outdoor,S100
1287.wav,british,room12,indoor,S65
1288.wav,southbank,bridge,outdoor,S36
1289.wav,westend,national,indoor,S99
1290.wav,Euston,gardens,outdoor,S54
1291.wav,british,forecourt,outdoor,S71
1292.wav,Euston,gardens,outdoor,S73
1293.wav,southbank,food,outdoor,S78
1294.wav,westend,charing,indoor,S37
1295.wav,campus,canal,outdoor,S153
1296.wav,southbank,waterloo,indoor,S79
1297.wav,westend,market,indoor,S35
1298.wav,westend,charing,indoor,S55
1299.wav,westend,charing,indoor,S139
1300.wav,southbank,bridge,outdoor,S156
1301.wav,Euston,gardens,outdoor,S166
1302.wav,british,street,outdoor,S135
1303.wav,british,forecourt,outdoor,S193
1304.wav,british,square,outdoor,S37
1305.wav,westend,national,indoor,S154
1306.wav,Euston,piazza,outdoor,S187
1307.wav,campus,library,outdoor,S185
1308.wav,westend,charing,indoor,S179
1309.wav,campus,ground,indoor,S91
1310.wav,campus,library,outdoor,S73
1311.wav,westend,national,indoor,S127
1312.wav,campus,square,outdoor,S156
1313.wav,westend,market,indoor,S64
1314.wav,campus,reception,indoor,S153
1315.wav,westend,piazza,outdoor,S39
1316.wav,westend,national,indoor,S90
1317.wav,british,street,outdoor,S63
1318.wav,campus,canal,outdoor,S177
1319.wav,westend,national,indoor,S18
1320.wav,westend,piazza,outdoor,S79
1321.wav,westend,piazza,outdoor,S37
1322.wav,westend,leicester,outdoor,S183
1323.wav,campus,square,outdoor,S150
1324.wav,british,street,outdoor,S38
1325.wav,campus,ground,indoor,S111
1326.wav,british,square,outdoor,S105
1327.wav,westend,piazza,outdoor,S11
1328.wav,Euston,library,indoor,S46
1329.wav,campus,library,outdoor,S154
1330.wav,british,street,outdoor,S14
1331.wav,british,street,outdoor,S35
1332.wav,campus,reception,indoor,S154
1333.wav,southbank,skate,outdoor,S92
1334.wav,Euston,gardens,outdoor,S43
1335.wav,british,room12,indoor,S15
1336.wav,southbank,skate,outdoor,S85
1337.wav,campus,canal,outdoor,S66
1338.wav,campus,curve,indoor,S102
1339.wav,campus,reception,indoor,S74
1340.wav,Euston,forecourt,outdoor,S101
1341.wav,campus,curve,indoor,S133
1342.wav,british,forecourt,outdoor,S134
1343.wav,kensington,hintze,indoor,S84
1344.wav,campus,curve,indoor,S104
1345.wav,westend,piazza,outdoor,S1
1346.wav,kensington,albert,outdoor,S167
1347.wav,campus,reception,indoor,S23
1348.wav,campus,reception,indoor,S4
1349.wav,campus,ground,indoor,S26
1350.wav,campus,ground,indoor,S114
1351.wav,southbank,food,outdoor,S41
1352.wav,campus,reception,indoor,S108
1353.wav,Euston,forecourt,outdoor,S142
1354.wav,campus,ground,indoor,S35
1355.wav,southbank,royal,indoor,S115
1356.wav,westend,leicester,outdoor,S12
1357.wav,westend,charing,indoor,S97
1358.wav,westend,trafalgar,outdoor,S34
1359.wav,campus,square,outdoor,S168
1360.wav,westend,piazza,outdoor,S106
1361.wav,campus,ground,indoor,S173
1362.wav,campus,ground,indoor,S13
1363.wav,british,room12,indoor,S81
1364.wav,westend,national,indoor,S87
1365.wav,westend,leicester,outdoor,S134
1366.wav,Euston,library,indoor,S176
1367.wav,campus,reception,indoor,S61
1368.wav,british,forecourt,outdoor,S144
1369.wav,southbank,royal,indoor,S152
1370.wav,southbank,bridge,outdoor,S142
1371.wav,campus,library,outdoor,S177
1372.wav,kensington,pond,outdoor,S167
1373.wav,westend,market,indoor,S47
1374.wav,westend,trafalgar,outdoor,S97
1375.wav,british,greatcourt,indoor,S60
1376.wav,british,room12,indoor,S187
1377.wav,westend,trafalgar,outdoor,S133
1378.wav,kensington,pond,outdoor,S9
1379.wav,british,greatcourt,indoor,S6
1380.wav,westend,market,indoor,S74
1381.wav,westend,national,indoor,S27
1382.wav,Euston,upper,indoor,S166
1383.wav,westend,market,indoor,S90
1384.wav,westend,trafalgar,outdoor,S28
1385.wav,campus,reception,indoor,S119
1386.wav,Euston,gardens,outdoor,S145
1387.wav,british,room12,indoor,S25
1388.wav,campus,reception,indoor,S35
1389.wav,campus,curve,indoor,S52
1390.wav,westend,leicester,outdoor,S21
1391.wav,Euston,gardens,outdoor,S47
1392.wav,Euston,forecourt,outdoor,S150
1393.wav,campus,reception,indoor,S36
1394.wav,campus,canal,outdoor,S46
1395.wav,southbank,bridge,outdoor,S49
1396.wav,westend,trafalgar,outdoor,S83
1397.wav,campus,ground,indoor,S174
1398.wav,westend,market,indoor,S58
1399.wav,Euston,gardens,outdoor,S11
1400.wav,westend,leicester,outdoor,S91
1401.wav,campus,reception,indoor,S19
1402.wav,kensington,dinosaur,indoor,S9
1403.wav,kensington,cromwell,outdoor,S143
1404.wav,campus,reception,indoor,S136
1405.wav,campus,curve,indoor,S153
1406.wav,westend,market,indoor,S190
1407.wav,campus,square,outdoor,S172
1408.wav,southbank,food,outdoor,S96
1409.wav,Euston,gardens,outdoor,S92
1410.wav,campus,square,outdoor,S82
1411.wav,campus,library,outdoor,S56
1412.wav,british,forecourt,outdoor,S173
1413.wav,british,forecourt,outdoor,S50
1414.wav,westend,national,indoor,S56
1415.wav,campus,library,outdoor,S50
1416.wav,campus,curve,indoor,S113
1417.wav,westend,piazza,outdoor,S66
1418.wav,british,street,outdoor,S8
1419.wav,westend,market,indoor,S31
1420.wav,kensington,marine,indoor,S107
1421.wav,british,forecourt,outdoor,S73
1422.wav,westend,charing,indoor,S163
1423.wav,british,square,outdoor,S85
1424.wav,british,square,outdoor,S181
1425.wav,westend,national,indoor,S91
1426.wav,southbank,food,outdoor,S92
1427.wav,westend,piazza,outdoor,S137
1428.wav,Euston,upper,indoor,S150
1429.wav,Euston,library,indoor,S97
1430.wav,kensington,pond,outdoor,S114
1431.wav,british,room12,indoor,S178
1432.wav,westend,market,indoor,S157
1433.wav,Euston,ritblat,indoor,S187
1434.wav,british,forecourt,outdoor,S27
1435.wav,westend,trafalgar,outdoor,S139
1436.wav,british,greatcourt,indoor,S13
1437.wav,campus,square,outdoor,S147
1438.wav,british,forecourt,outdoor,S133
1439.wav,campus,library,outdoor,S55
1440.wav,westend,piazza,outdoor,S105
1441.wav,westend,leicester,outdoor,S157
1442.wav,british,street,outdoor,S23
1443.wav,westend,piazza,outdoor,S27
1444.wav,westend,trafalgar,outdoor,S94
1445.wav,kensington,hintze,indoor,S19
1446.wav,westend,piazza,outdoor,S90
1447.wav,westend,market,indoor,S19
1448.wav,westend,piazza,outdoor,S177
1449.wav,british,greatcourt,indoor,S71
1450.wav,southbank,book,outdoor,S118
1451.wav,southbank,bridge,outdoor,S111
1452.wav,westend,trafalgar,outdoor,S154
1453.wav,southbank,food,outdoor,S4
1454.wav,Euston,gardens,outdoor,S5
1455.wav,british,greatcourt,indoor,S26
1456.wav,kensington,cromwell,outdoor,S19
1457.wav,southbank,bridge,outdoor,S28
1458.wav,westend,piazza,outdoor,S43
1459.wav,british,room12,indoor,S135
1460.wav,campus,ground,indoor,S135
1461.wav,british,square,outdoor,S118
1462.wav,campus,curve,indoor,S93
1463.wav,campus,canal,outdoor,S26
1464.wav,british,street,outdoor,S94
1465.wav,british,street,outdoor,S64
1466.wav,westend,piazza,outdoor,S91
1467.wav,kensington,marine,indoor,S153
1468.wav,southbank,skate,outdoor,S45
1469.wav,Euston,upper,indoor,S100
1470.wav,campus,library,outdoor,S157
1471.wav,kensington,marine,indoor,S102
1472.wav,campus,reception,indoor,S82
1473.wav,british,square,outdoor,S174
1474.wav,campus,library,outdoor,S133
1475.wav,westend,national,indoor,S65
1476.wav,westend,trafalgar,outdoor,S118
1477.wav,westend,market,indoor,S29
1478.wav,british,street,outdoor,S85
1479.wav,campus,ground,indoor,S97
1480.wav,southbank,bridge,outdoor,S109
1481.wav,southbank,waterloo,indoor,S34
1482.wav,westend,market,indoor,S126
1483.wav,southbank,waterloo,indoor,S178
1484.wav,westend,market,indoor,S176
1485.wav,british,street,outdoor,S144
1486.wav,campus,reception,indoor,S191
1487.wav,campus,reception,indoor,S55
1488.wav,Euston,gardens,outdoor,S62
1489.wav,southbank,food,outdoor,S76
1490.wav,british,greatcourt,indoor,S40
1491.wav,british,greatcourt,indoor,S186
1492.wav,westend,charing,indoor,S31
1493.wav,kensington,marine,indoor,S191
1494.wav,campus,library,outdoor,S152
1495.wav,campus,reception,indoor,S40
1496.wav,kensington,dinosaur,indoor,S191
1497.wav,southbank,bridge,outdoor,S83
1498.wav,Euston,upper,indoor,S146
1499.wav,campus,ground,indoor,S76
1500.wav,campus,square,outdoor,S141
1501.wav,southbank,book,outdoor,S102
1502.wav,Euston,piazza,outdoor,S46
1503.wav,southbank,bridge,outdoor,S126
1504.wav,southbank,waterloo,indoor,S159
1505.wav,westend,charing,indoor,S13
1506.wav,Euston,ritblat,indoor,S145
1507.wav,campus,ground,indoor,S193
1508.wav,southbank,book,outdoor,S159
1509.wav,westend,leicester,outdoor,S25
1510.wav,Euston,upper,indoor,S93
1511.wav,campus,library,outdoor,S174
1512.wav,westend,piazza,outdoor,S100
1513.wav,southbank,bridge,outdoor,S178
1514.wav,campus,canal,outdoor,S57
1515.wav,southbank,waterloo,indoor,S190
1516.wav,Euston,library,indoor,S62
1517.wav,westend,trafalgar,outdoor,S193
1518.wav,campus,square,outdoor,S24
1519.wav,campus,square,outdoor,S97
1520.wav,westend,trafalgar,outdoor,S90
1521.wav,campus,square,outdoor,S134
1522.wav,southbank,bridge,outdoor,S74
1523.wav,Euston,piazza,outdoor,S5
1524.wav,campus,curve,indoor,S56
1525.wav,campus,canal,outdoor,S37
1526.wav,Euston,forecourt,outdoor,S176
1527.wav,british,square,outdoor,S31
1528.wav,westend,leicester,outdoor,S96
1529.wav,westend,trafalgar,outdoor,S48
1530.wav,southbank,food,outdoor,S178
1531.wav,british,greatcourt,indoor,S10
1532.wav,british,greatcourt,indoor,S27
1533.wav,campus,ground,indoor,S28
1534.wav,kensington,hintze,indoor,S127
1535.wav,westend,trafalgar,outdoor,S89
1536.wav,campus,curve,indoor,S192
1537.wav,british,greatcourt,indoor,S89
1538.wav,westend,national,indoor,S31
1539.wav,campus,library,outdoor,S114
1540.wav,westend,piazza,outdoor,S136
1541.wav,campus,curve,indoor,S155
1542.wav,british,room12,indoor,S8
1543.wav,campus,canal,outdoor,S107
1544.wav,kensington,dinosaur,indoor,S56
1545.wav,kensington,dinosaur,indoor,S1
1546.wav,british,room12,indoor,S89
1547.wav,Euston,forecourt,outdoor,S110
1548.wav,british,street,outdoor,S131
1549.wav,kensington,hintze,indoor,S192
1550.wav,british,square,outdoor,S10
1551.wav,campus,canal,outdoor,S140
1552.wav,Euston,upper,indoor,S165
1553.wav,campus,canal,outdoor,S110
1554.wav,british,room12,indoor,S87
1555.wav,british,greatcourt,indoor,S80
1556.wav,westend,trafalgar,outdoor,S155
1557.wav,westend,leicester,outdoor,S77
1558.wav,westend,trafalgar,outdoor,S157
1559.wav,westend,charing,indoor,S56
1560.wav,campus,curve,indoor,S165
1561.wav,westend,charing,indoor,S146
1562.wav,british,forecourt,outdoor,S182
1563.wav,campus,ground,indoor,S181
1564.wav,Euston,forecourt,outdoor,S109
1565.wav,british,square,outdoor,S64
1566.wav,campus,canal,outdoor,S86
1567.wav,Euston,piazza,outdoor,S45
1568.wav,campus,reception,indoor,S127
1569.wav,westend,trafalgar,outdoor,S77
1570.wav,campus,square,outdoor,S62
1571.wav,westend,market,indoor,S36
1572.wav,kensington,marine,indoor,S72
1573.wav,british,room12,indoor,S156
1574.wav,campus,curve,indoor,S19
1575.wav,campus,curve,indoor,S157
1576.wav,southbank,bridge,outdoor,S102
1577.wav,westend,charing,indoor,S105
1578.wav,kensington,cromwell,outdoor,S179
1579.wav,campus,library,outdoor,S126
1580.wav,campus,ground,indoor,S102
1581.wav,westend,market,indoor,S51
1582.wav,kensington,marine,indoor,S56
1583.wav,campus,reception,indoor,S185
1584.wav,british,forecourt,outdoor,S37
1585.wav,southbank,bridge,outdoor,S190
1586.wav,Euston,forecourt,outdoor,S93
1587.wav,campus,library,outdoor,S122
1588.wav,campus,library,outdoor,S139
1589.wav,british,forecourt,outdoor,S172
1590.wav,southbank,royal,indoor,S190
1591.wav,british,greatcourt,indoor,S87
1592.wav,Euston,forecourt,outdoor,S90
1593.wav,westend,trafalgar,outdoor,S191
1594.wav,westend,piazza,outdoor,S155
1595.wav,british,street,outdoor,S66
1596.wav,british,square,outdoor,S170
1597.wav,campus,library,outdoor,S150
1598.wav,southbank,skate,outdoor,S126
1599.wav,campus,canal,outdoor,S150
1600.wav,british,room12,indoor,S55
1601.wav,southbank,waterloo,indoor,S115
1602.wav,british,square,outdoor,S50
1603.wav,kensington,hintze,indoor,S1
1604.wav,kensington,dinosaur,indoor,S107
1605.wav,southbank,food,outdoor,S85
1606.wav,british,greatcourt,indoor,S181
1607.wav,campus,reception,indoor,S60
1608.wav,campus,reception,indoor,S8
1609.wav,campus,reception,indoor,S138
1610.wav,campus,ground,indoor,S187
1611.wav,westend,leicester,outdoor,S95
1612.wav,southbank,bridge,outdoor,S29
1613.wav,westend,leicester,outdoor,S27
1614.wav,westend,charing,indoor,S94
1615.wav,campus,reception,indoor,S24
1616.wav,campus,canal,outdoor,S135
1617.wav,southbank,royal,indoor,S36
1618.wav,campus,curve,indoor,S105
1619.wav,westend,market,indoor,S72
1620.wav,kensington,hintze,indoor,S153
1621.wav,westend,market,indoor,S167
1622.wav,british,greatcourt,indoor,S117
1623.wav,Euston,upper,indoor,S114
1624.wav,southbank,royal,indoor,S76
1625.wav,campus,curve,indoor,S167
1626.wav,southbank,book,outdoor,S29
1627.wav,southbank,skate,outdoor,S36
1628.wav,kensington,marine,indoor,S84
1629.wav,Euston,upper,indoor,S46
1630.wav,british,street,outdoor,S86
1631.wav,british,greatcourt,indoor,S31
1632.wav,westend,national,indoor,S39
1633.wav,campus,canal,outdoor,S63
1634.wav,westend,leicester,outdoor,S84
1635.wav,kensington,marine,indoor,S127
1636.wav,campus,square,outdoor,S40
1637.wav,westend,charing,indoor,S101
1638.wav,westend,charing,indoor,S134
1639.wav,southbank,skate,outdoor,S77
1640.wav,westend,national,indoor,S135
1641.wav,westend,market,indoor,S147
1642.wav,british,forecourt,outdoor,S186
1643.wav,campus,curve,indoor,S8
1644.wav,Euston,gardens,outdoor,S57
1645.wav,westend,trafalgar,outdoor,S153
1646.wav,Euston,upper,indoor,S45
1647.wav,westend,trafalgar,outdoor,S61
1648.wav,campus,library,outdoor,S13
1649.wav,westend,market,indoor,S164
1650.wav,Euston,library,indoor,S38
1651.wav,westend,national,indoor,S94
1652.wav,southbank,skate,outdoor,S168
1653.wav,westend,piazza,outdoor,S42
1654.wav,british,greatcourt,indoor,S73
1655.wav,campus,square,outdoor,S191
1656.wav,westend,market,indoor,S96
1657.wav,campus,library,outdoor,S72
1658.wav,westend,leicester,outdoor,S13
1659.wav,campus,reception,indoor,S140
1660.wav,british,room12,indoor,S131
1661.wav,campus,ground,indoor,S67
1662.wav,campus,square,outdoor,S37
1663.wav,westend,national,indoor,S182
1664.wav,westend,market,indoor,S181
1665.wav,british,square,outdoor,S112
1666.wav,westend,piazza,outdoor,S25
1667.wav,campus,square,outdoor,S119
1668.wav,campus,curve,indoor,S55
1669.wav,campus,curve,indoor,S66
1670.wav,westend,leicester,outdoor,S131
1671.wav,british,street,outdoor,S173
1672.wav,westend,trafalgar,outdoor,S87
1673.wav,westend,national,indoor,S191
1674.wav,westend,leicester,outdoor,S80
1675.wav,westend,market,indoor,S163
1676.wav,southbank,food,outdoor,S79
1677.wav,british,square,outdoor,S117
1678.wav,westend,national,indoor,S173
1679.wav,british,room12,indoor,S23
1680.wav,campus,reception,indoor,S111
1681.wav,kensington,hintze,indoor,S103
1682.wav,campus,curve,indoor,S35
1683.wav,campus,canal,outdoor,S157
1684.wav,kensington,albert,outdoor,S102
1685.wav,campus,canal,outdoor,S18
1686.wav,campus,reception,indoor,S43
1687.wav,campus,ground,indoor,S112
1688.wav,southbank,skate,outdoor,S16
1689.wav,campus,library,outdoor,S28
1690.wav,campus,curve,indoor,S183
1691.wav,westend,trafalgar,outdoor,S74
1692.wav,british,street,outdoor,S39
1693.wav,campus,curve,indoor,S62
1694.wav,Euston,piazza,outdoor,S166
1695.wav,westend,charing,indoor,S65
1696.wav,westend,charing,indoor,S28
1697.wav,Euston,upper,indoor,S85
1698.wav,westend,leicester,outdoor,S173
1699.wav,Euston,piazza,outdoor,S38
1700.wav,campus,ground,indoor,S143
1701.wav,westend,charing,indoor,S104
1702.wav,campus,canal,outdoor,S17
1703.wav,british,street,outdoor,S154
1704.wav,Euston,ritblat,indoor,S186
1705.wav,westend,charing,indoor,S183
1706.wav,british,forecourt,outdoor,S31
1707.wav,southbank,book,outdoor,S150
1708.wav,campus,curve,indoor,S131
1709.wav,westend,market,indoor,S172
1710.wav,campus,square,outdoor,S130
1711.wav,westend,national,indoor,S146
1712.wav,campus,reception,indoor,S39
1713.wav,westend,charing,indoor,S147
1714.wav,Euston,piazza,outdoor,S186
1715.wav,campus,library,outdoor,S69
1716.wav,campus,canal,outdoor,S40
1717.wav,campus,canal,outdoor,S168
1718.wav,campus,reception,indoor,S17
1719.wav,Euston,gardens,outdoor,S165
1720.wav,Euston,gardens,outdoor,S59
1721.wav,kensington,albert,outdoor,S114
1722.wav,westend,trafalgar,outdoor,S75
1723.wav,british,greatcourt,indoor,S133
1724.wav,campus,canal,outdoor,S4
1725.wav,british,forecourt,outdoor,S38
1726.wav,campus,library,outdoor,S58
1727.wav,campus,ground,indoor,S45
1728.wav,campus,library,outdoor,S17
1729.wav,Euston,gardens,outdoor,S50
1730.wav,campus,square,outdoor,S9
1731.wav,british,square,outdoor,S23
1732.wav,westend,trafalgar,outdoor,S137
1733.wav,Euston,forecourt,outdoor,S47
1734.wav,campus,reception,indoor,S18
1735.wav,campus,ground,indoor,S132
1736.wav,british,room12,indoor,S104
1737.wav,Euston,piazza,outdoor,S176
1738.wav,westend,trafalgar,outdoor,S115
1739.wav,british,forecourt,outdoor,S124
1740.wav,westend,leicester,outdoor,S97
1741.wav,Euston,gardens,outdoor,S103
1742.wav,campus,canal,outdoor,S75
1743.wav,southbank,skate,outdoor,S34
1744.wav,british,room12,indoor,S169
1745.wav,westend,piazza,outdoor,S83
1746.wav,westend,piazza,outdoor,S131
1747.wav,campus,canal,outdoor,S97
1748.wav,kensington,albert,outdoor,S9
1749.wav,campus,square,outdoor,S93
1750.wav,southbank,royal,indoor,S45
1751.wav,campus,canal,outdoor,S185
1752.wav,campus,square,outdoor,S55
1753.wav,Euston,library,indoor,S90
1754.wav,southbank,royal,indoor,S163
1755.wav,campus,reception,indoor,S25
1756.wav,campus,canal,outdoor,S23
1757.wav,westend,leicester,outdoor,S52
1758.wav,southbank,waterloo,indoor,S76
1759.wav,campus,canal,outdoor,S182
1760.wav,campus,square,outdoor,S27
1761.wav,Euston,forecourt,outdoor,S92
1762.wav,westend,trafalgar,outdoor,S19
1763.wav,Euston,library,indoor,S174
1764.wav,campus,library,outdoor,S65
1765.wav,southbank,bridge,outdoor,S96
1766.wav,campus,library,outdoor,S132
1767.wav,campus,ground,indoor,S92
1768.wav,westend,national,indoor,S43
1769.wav,campus,reception,indoor,S147
1770.wav,kensington,pond,outdoor,S143
1771.wav,british,greatcourt,indoor,S151
1772.wav,westend,piazza,outdoor,S143
1773.wav,westend,charing,indoor,S48
1774.wav,campus,library,outdoor,S103
1775.wav,campus,canal,outdoor,S90
1776.wav,campus,library,outdoor,S148
1777.wav,southbank,food,outdoor,S36
1778.wav,campus,square,outdoor,S167
1779.wav,westend,piazza,outdoor,S12
1780.wav,westend,national,indoor,S100
1781.wav,campus,curve,indoor,S177
1782.wav,campus,reception,indoor,S72
1783.wav,Euston,gardens,outdoor,S12
1784.wav,westend,national,indoor,S16
1785.wav,southbank,skate,outdoor,S4
1786.wav,campus,library,outdoor,S62
1787.wav,campus,library,outdoor,S24
1788.wav,kensington,hintze,indoor,S107
1789.wav,westend,trafalgar,outdoor,S35
1790.wav,campus,library,outdoor,S20
1791.wav,westend,piazza,outdoor,S190
1792.wav,british,square,outdoor,S135
1793.wav,southbank,waterloo,indoor,S71
1794.wav,southbank,food,outdoor,S111
1795.wav,westend,leicester,outdoor,S163
1796.wav,westend,leicester,outdoor,S148
1797.wav,southbank,book,outdoor,S142
1798.wav,westend,leicester,outdoor,S65
1799.wav,british,square,outdoor,S39
1800.wav,Euston,library,indoor,S186
1801.wav,westend,market,indoor,S170
1802.wav,southbank,book,outdoor,S178
1803.wav,westend,leicester,outdoor,S72
1804.wav,campus,ground,indoor,S101
1805.wav,Euston,upper,indoor,S103
1806.wav,british,greatcourt,indoor,S8
1807.wav,westend,national,indoor,S22
1808.wav,british,forecourt,outdoor,S18
1809.wav,british,greatcourt,indoor,S155
1810.wav,westend,national,indoor,S118
1811.wav,westend,piazza,outdoor,S52
1812.wav,westend,trafalgar,outdoor,S76
1813.wav,british,square,outdoor,S15
1814.wav,campus,curve,indoor,S164
1815.wav,Euston,ritblat,indoor,S157
1816.wav,Euston,library,indoor,S45
1817.wav,westend,market,indoor,S59
1818.wav,campus,ground,indoor,S159
1819.wav,british,street,outdoor,S40
1820.wav,westend,national,indoor,S141
1821.wav,campus,ground,indoor,S88
1822.wav,campus,library,outdoor,S42
1823.wav,campus,library,outdoor,S19
1824.wav,campus,curve,indoor,S17
1825.wav,campus,reception,indoor,S157
1826.wav,campus,reception,indoor,S77
1827.wav,campus,ground,indoor,S163
1828.wav,campus,square,outdoor,S77
1829.wav,campus,ground,indoor,S144
1830.wav,campus,curve,indoor,S12
1831.wav,campus,square,outdoor,S151
1832.wav,southbank,waterloo,indoor,S142
1833.wav,campus,library,outdoor,S141
1834.wav,campus,library,outdoor,S146
1835.wav,campus,curve,indoor,S168
1836.wav,campus,reception,indoor,S183
1837.wav,westend,national,indoor,S83
1838.wav,british,room12,indoor,S170
1839.wav,british,street,outdoor,S69
1840.wav,british,forecourt,outdoor,S156
1841.wav,westend,trafalgar,outdoor,S84
1842.wav,Euston,upper,indoor,S101
1843.wav,kensington,albert,outdoor,S147
1844.wav,westend,piazza,outdoor,S51
1845.wav,westend,market,indoor,S65
1846.wav,Euston,upper,indoor,S90
1847.wav,campus,square,outdoor,S66
1848.wav,westend,national,indoor,S10
1849.wav,campus,curve,indoor,S106
1850.wav,campus,library,outdoor,S104
1851.wav,westend,trafalgar,outdoor,S159
1852.wav,westend,piazza,outdoor,S166
1853.wav,Euston,forecourt,outdoor,S103
1854.wav,kensington,pond,outdoor,S82
1855.wav,campus,ground,indoor,S191
1856.wav,westend,market,indoor,S189
1857.wav,Euston,upper,indoor,S110
1858.wav,british,forecourt,outdoor,S141
1859.wav,kensington,marine,indoor,S192
1860.wav,Euston,upper,indoor,S11
1861.wav,kensington,marine,indoor,S177
1862.wav,campus,canal,outdoor,S106
1863.wav,westend,piazza,outdoor,S28
1864.wav,campus,square,outdoor,S122
1865.wav,southbank,food,outdoor,S83
1866.wav,westend,piazza,outdoor,S13
1867.wav,westend,charing,indoor,S151
1868.wav,campus,canal,outdoor,S133
1869.wav,westend,market,indoor,S159
1870.wav,westend,market,indoor,S80
1871.wav,southbank,book,outdoor,S54
1872.wav,british,square,outdoor,S35
1873.wav,campus,ground,indoor,S43
1874.wav,westend,leicester,outdoor,S143
1875.wav,campus,library,outdoor,S181
1876.wav,southbank,skate,outdoor,S47
1877.wav,Euston,gardens,outdoor,S142
1878.wav,british,street,outdoor,S172
1879.wav,british,street,outdoor,S25
1880.wav,westend,national,indoor,S177
1881.wav,campus,ground,indoor,S122
1882.wav,Euston,upper,indoor,S14
1883.wav,southbank,royal,indoor,S156
1884.wav,british,square,outdoor,S51
1885.wav,Euston,upper,indoor,S92
1886.wav,campus,square,outdoor,S187
1887.wav,westend,national,indoor,S132
1888.wav,campus,ground,indoor,S137
1889.wav,british,street,outdoor,S82
1890.wav,campus,curve,indoor,S140
1891.wav,westend,market,indoor,S25
1892.wav,campus,curve,indoor,S4
1893.wav,kensington,cromwell,outdoor,S192
1894.wav,campus,reception,indoor,S131
1895.wav,westend,market,indoor,S113
1896.wav,campus,square,outdoor,S112
1897.wav,campus,library,outdoor,S39
1898.wav,campus,square,outdoor,S109
1899.wav,campus,library,outdoor,S6
1900.wav,Euston,forecourt,outdoor,S5
1901.wav,westend,charing,indoor,S39
1902.wav,campus,canal,outdoor,S132
1903.wav,campus,curve,indoor,S64
1904.wav,westend,piazza,outdoor,S87
1905.wav,campus,curve,indoor,S121
1906.wav,westend,leicester,outdoor,S105
1907.wav,campus,canal,outdoor,S190
1908.wav,british,greatcourt,indoor,S104
1909.wav,campus,ground,indoor,S119
1910.wav,southbank,skate,outdoor,S74
1911.wav,westend,piazza,outdoor,S96
1912.wav,campus,square,outdoor,S42
1913.wav,westend,trafalgar,outdoor,S49
1914.wav,westend,piazza,outdoor,S64
1915.wav,westend,charing,indoor,S143
1916.wav,westend,leicester,outdoor,S16
1917.wav,Euston,forecourt,outdoor,S38
1918.wav,campus,canal,outdoor,S56
1919.wav,westend,charing,indoor,S80
1920.wav,kensington,albert,outdoor,S19
1921.wav,campus,curve,indoor,S134
1922.wav,campus,library,outdoor,S173
1923.wav,british,greatcourt,indoor,S183
1924.wav,southbank,skate,outdoor,S67
1925.wav,campus,ground,indoor,S157
1926.wav,Euston,library,indoor,S63
1927.wav,westend,charing,indoor,S91
1928.wav,Euston,piazza,outdoor,S47
1929.wav,british,greatcourt,indoor,S169
1930.wav,Euston,ritblat,indoor,S63
1931.wav,southbank,food,outdoor,S109
1932.wav,Euston,forecourt,outdoor,S146
1933.wav,southbank,royal,indoor,S28
1934.wav,campus,canal,outdoor,S122
1935.wav,british,square,outdoor,S40
1936.wav,westend,charing,indoor,S41
1937.wav,kensington,cromwell,outdoor,S177
1938.wav,westend,market,indoor,S143
1939.wav,Euston,library,indoor,S57
1940.wav,british,square,outdoor,S6
1941.wav,campus,ground,indoor,S46
1942.wav,southbank,waterloo,indoor,S170
1943.wav,campus,canal,outdoor,S101
1944.wav,campus,square,outdoor,S139
1945.wav,westend,piazza,outdoor,S176
1946.wav,southbank,book,outdoor,S34
1947.wav,westend,charing,indoor,S88
1948.wav,westend,piazza,outdoor,S146
1949.wav,campus,canal,outdoor,S52
1950.wav,southbank,royal,indoor,S118
1951.wav,british,street,outdoor,S187
1952.wav,british,square,outdoor,S173
1953.wav,westend,leicester,outdoor,S166
1954.wav,campus,curve,indoor,S151
1955.wav,southbank,bridge,outdoor,S47
1956.wav,Euston,library,indoor,S165
1957.wav,southbank,food,outdoor,S28
1958.wav,campus,reception,indoor,S174
1959.wav,westend,national,indoor,S75
1960.wav,westend,leicester,outdoor,S74
1961.wav,campus,ground,indoor,S55
1962.wav,kensington,hintze,indoor,S143
1963.wav,british,square,outdoor,S192
1964.wav,kensington,cromwell,outdoor,S99
1965.wav,westend,market,indoor,S134
1966.wav,westend,trafalgar,outdoor,S135
1967.wav,westend,trafalgar,outdoor,S59
1968.wav,westend,piazza,outdoor,S81
1969.wav,Euston,forecourt,outdoor,S187
1970.wav,westend,leicester,outdoor,S67
1971.wav,campus,square,outdoor,S103
1972.wav,campus,reception,indoor,S6
1973.wav,campus,ground,indoor,S105
1974.wav,Euston,library,indoor,S92
1975.wav,westend,charing,indoor,S57
1976.wav,british,greatcourt,indoor,S189
1977.wav,campus,curve,indoor,S146
1978.wav,campus,ground,indoor,S8
1979.wav,westend,piazza,outdoor,S104
1980.wav,british,square,outdoor,S104
1981.wav,westend,national,indoor,S170
1982.wav,westend,market,indoor,S94
1983.wav,southbank,waterloo,indoor,S78
1984.wav,british,street,outdoor,S52
1985.wav,campus,reception,indoor,S56
1986.wav,kensington,dinosaur,indoor,S145
1987.wav,british,room12,indoor,S118
1988.wav,campus,reception,indoor,S124
1989.wav,southbank,waterloo,indoor,S85
1990.wav,southbank,book,outdoor,S42
1991.wav,kensington,albert,outdoor,S127
1992.wav,campus,canal,outdoor,S141
1993.wav,Euston,gardens,outdoor,S97
1994.wav,westend,trafalgar,outdoor,S66
1995.wav,westend,charing,indoor,S144
1996.wav,westend,piazza,outdoor,S167
1997.wav,british,forecourt,outdoor,S75
1998.wav,british,room12,indoor,S182
1999.wav,westend,market,indoor,S101
2000.wav,westend,market,indoor,S105
2001.wav,westend,leicester,outdoor,S10
2002.wav,british,forecourt,outdoor,S86
2003.wav,westend,charing,indoor,S66
2004.wav,westend,trafalgar,outdoor,S30
2005.wav,british,square,outdoor,S182
2006.wav,Euston,ritblat,indoor,S109
2007.wav,Euston,ritblat,indoor,S60
2008.wav,campus,ground,indoor,S95
2009.wav,southbank,waterloo,indoor,S111
2010.wav,campus,canal,outdoor,S8
2011.wav,westend,national,indoor,S164
2012.wav,campus,library,outdoor,S38
2013.wav,campus,ground,indoor,S182
2014.wav,campus,reception,indoor,S58
2015.wav,Euston,upper,indoor,S59
2016.wav,kensington,albert,outdoor,S177
2017.wav,campus,reception,indoor,S63
2018.wav,Euston,gardens,outdoor,S46
2019.wav,campus,reception,indoor,S163
2020.wav,campus,library,outdoor,S172
2021.wav,campus,library,outdoor,S57
2022.wav,westend,national,indoor,S36
2023.wav,british,street,outdoor,S124
2024.wav,kensington,marine,indoor,S32
2025.wav,campus,square,outdoor,S146
2026.wav,campus,reception,indoor,S135
2027.wav,westend,market,indoor,S119
2028.wav,westend,charing,indoor,S133
2029.wav,british,street,outdoor,S60
2030.wav,british,greatcourt,indoor,S88
2031.wav,southbank,book,outdoor,S111
2032.wav,southbank,skate,outdoor,S178
2033.wav,british,square,outdoor,S14
2034.wav,westend,market,indoor,S6
2035.wav,kensington,pond,outdoor,S32
2036.wav,british,street,outdoor,S88
2037.wav,westend,charing,indoor,S75
2038.wav,westend,charing,indoor,S181
2039.wav,campus,curve,indoor,S54
2040.wav,campus,square,outdoor,S58
2041.wav,westend,trafalgar,outdoor,S24
2042.wav,campus,canal,outdoor,S64
2043.wav,british,greatcourt,indoor,S81
2044.wav,campus,canal,outdoor,S104
2045.wav,campus,canal,outdoor,S54
2046.wav,campus,square,outdoor,S91
2047.wav,westend,trafalgar,outdoor,S179
2048.wav,campus,curve,indoor,S143
2049.wav,westend,leicester,outdoor,S181
2050.wav,british,street,outdoor,S105
2051.wav,kensington,hintze,indoor,S147
2052.wav,southbank,skate,outdoor,S164
2053.wav,british,square,outdoor,S139
2054.wav,campus,library,outdoor,S29
2055.wav,westend,market,indoor,S106
2056.wav,campus,reception,indoor,S66
2057.wav,campus,curve,indoor,S141
2058.wav,westend,national,indoor,S58
2059.wav,campus,curve,indoor,S1
2060.wav,westend,charing,indoor,S131
2061.wav,Euston,piazza,outdoor,S14
2062.wav,campus,ground,indoor,S69
2063.wav,westend,leicester,outdoor,S133
2064.wav,westend,market,indoor,S132
2065.wav,campus,square,outdoor,S74
2066.wav,westend,trafalgar,outdoor,S99
2067.wav,campus,reception,indoor,S27
2068.wav,campus,square,outdoor,S124
2069.wav,kensington,dinosaur,indoor,S147
2070.wav,campus,library,outdoor,S88
2071.wav,westend,trafalgar,outdoor,S47
2072.wav,westend,charing,indoor,S122
2073.wav,campus,square,outdoor,S126
2074.wav,campus,square,outdoor,S121
2075.wav,westend,charing,indoor,S164
2076.wav,Euston,forecourt,outdoor,S97
2077.wav,westend,piazza,outdoor,S181
2078.wav,southbank,bridge,outdoor,S92
2079.wav,southbank,bridge,outdoor,S77
2080.wav,southbank,skate,outdoor,S152
2081.wav,campus,canal,outdoor,S13
2082.wav,southbank,skate,outdoor,S62
2083.wav,southbank,royal,indoor,S67
2084.wav,campus,library,outdoor,S77
2085.wav,southbank,waterloo,indoor,S87
2086.wav,westend,piazza,outdoor,S22
2087.wav,campus,reception,indoor,S193
2088.wav,westend,charing,indoor,S141
2089.wav,british,room12,indoor,S139
2090.wav,british,street,outdoor,S168
2091.wav,westend,market,indoor,S3
2092.wav,british,forecourt,outdoor,S115
2093.wav,campus,curve,indoor,S186
2094.wav,westend,leicester,outdoor,S64
2095.wav,british,street,outdoor,S170
2096.wav,westend,charing,indoor,S96
2097.wav,westend,piazza,outdoor,S193
2098.wav,british,room12,indoor,S106
2099.wav,westend,piazza,outdoor,S71
2100.wav,british,forecourt,outdoor,S58
2101.wav,Euston,ritblat,indoor,S101
2102.wav,british,street,outdoor,S5
2103.wav,campus,square,outdoor,S138
2104.wav,westend,market,indoor,S84
2105.wav,westend,market,indoor,S16
2106.wav,campus,curve,indoor,S172
2107.wav,kensington,albert,outdoor,S148
2108.wav,Euston,library,indoor,S103
2109.wav,westend,trafalgar,outdoor,S36
2110.wav,british,square,outdoor,S75
2111.wav,campus,library,outdoor,S63
2112.wav,westend,charing,indoor,S95
2113.wav,westend,national,indoor,S189
2114.wav,campus,square,outdoor,S183
2115.wav,westend,trafalgar,outdoor,S121
2116.wav,campus,ground,indoor,S154
2117.wav,kensington,dinosaur,indoor,S148
2118.wav,british,room12,indoor,S85
2119.wav,campus,canal,outdoor,S193
2120.wav,southbank,royal,indoor,S78
2121.wav,kensington,pond,outdoor,S169
2122.wav,westend,market,indoor,S88
2123.wav,british,greatcourt,indoor,S23
2124.wav,westend,market,indoor,S178
2125.wav,campus,library,outdoor,S86
2126.wav,westend,market,indoor,S91
2127.wav,southbank,skate,outdoor,S76
2128.wav,westend,charing,indoor,S47
2129.wav,southbank,book,outdoor,S62
2130.wav,british,greatcourt,indoor,S105
2131.wav,southbank,food,outdoor,S152
2132.wav,campus,library,outdoor,S169
2133.wav,Euston,piazza,outdoor,S11
2134.wav,westend,charing,indoor,S76
2135.wav,british,square,outdoor,S142
2136.wav,campus,square,outdoor,S173
2137.wav,campus,canal,outdoor,S65
2138.wav,campus,square,outdoor,S61
2139.wav,campus,square,outdoor,S192
2140.wav,campus,canal,outdoor,S28
2141.wav,westend,national,indoor,S133
2142.wav,westend,market,indoor,S43
2143.wav,westend,market,indoor,S185
2144.wav,westend,charing,indoor,S190
2145.wav,westend,national,indoor,S59
2146.wav,british,room12,indoor,S66
2147.wav,kensington,marine,indoor,S99
2148.wav,campus,ground,indoor,S164
2149.wav,british,forecourt,outdoor,S51
2150.wav,campus,ground,indoor,S183
2151.wav,campus,ground,indoor,S80
2152.wav,kensington,cromwell,outdoor,S107
2153.wav,campus,canal,outdoor,S93
2154.wav,westend,piazza,outdoor,S173
2155.wav,westend,piazza,outdoor,S16
2156.wav,southbank,food,outdoor,S74
2157.wav,british,room12,indoor,S93
2158.wav,campus,canal,outdoor,S173
2159.wav,british,greatcourt,indoor,S100
2160.wav,kensington,pond,outdoor,S148
2161.wav,westend,leicester,outdoor,S48
2162.wav,campus,ground,indoor,S62
2163.wav,campus,ground,indoor,S18
2164.wav,campus,library,outdoor,S12
2165.wav,british,square,outdoor,S178
2166.wav,southbank,book,outdoor,S16
2167.wav,southbank,bridge,outdoor,S41
2168.wav,westend,market,indoor,S11
2169.wav,westend,charing,indoor,S127
2170.wav,westend,national,indoor,S106
2171.wav,british,greatcourt,indoor,S142
2172.wav,british,square,outdoor,S183
2173.wav,british,greatcourt,indoor,S184
2174.wav,westend,trafalgar,outdoor,S46
2175.wav,kensington,hintze,indoor,S82
2176.wav,westend,national,indoor,S137
2177.wav,campus,ground,indoor,S94
2178.wav,southbank,waterloo,indoor,S92
2179.wav,campus,canal,outdoor,S29
2180.wav,westend,leicester,outdoor,S141
2181.wav,westend,market,indoor,S34
2182.wav,campus,curve,indoor,S76
2183.wav,campus,curve,indoor,S144
2184.wav,campus,reception,indoor,S143
2185.wav,southbank,skate,outdoor,S87
2186.wav,westend,market,indoor,S41
2187.wav,british,forecourt,outdoor,S142
2188.wav,southbank,waterloo,indoor,S16
2189.wav,british,room12,indoor,S162
2190.wav,campus,curve,indoor,S80
2191.wav,british,greatcourt,indoor,S110
2192.wav,british,room12,indoor,S64
2193.wav,campus,square,outdoor,S182
2194.wav,kensington,cromwell,outdoor,S147
2195.wav,westend,charing,indoor,S17
2196.wav,campus,canal,outdoor,S19
2197.wav,british,room12,indoor,S173
2198.wav,british,greatcourt,indoor,S182
2199.wav,british,room12,indoor,S71
2200.wav,british,square,outdoor,S185
2201.wav,campus,square,outdoor,S81
2202.wav,campus,canal,outdoor,S76
2203.wav,campus,square,outdoor,S174
2204.wav,campus,reception,indoor,S69
2205.wav,campus,curve,indoor,S13
2206.wav,campus,square,outdoor,S102
2207.wav,campus,canal,outdoor,S108
2208.wav,campus,library,outdoor,S143
2209.wav,westend,trafalgar,outdoor,S12
2210.wav,westend,market,indoor,S61
2211.wav,campus,ground,indoor,S3
2212.wav,campus,library,outdoor,S45
2213.wav,campus,library,outdoor,S75
2214.wav,westend,charing,indoor,S113
2215.wav,british,room12,indoor,S140
2216.wav,Euston,forecourt,outdoor,S60
2217.wav,westend,trafalgar,outdoor,S130
2218.wav,british,room12,indoor,S105
2219.wav,campus,canal,outdoor,S179
2220.wav,westend,charing,indoor,S22
2221.wav,westend,market,indoor,S66
2222.wav,british,square,outdoor,S89
2223.wav,southbank,waterloo,indoor,S150
2224.wav,campus,library,outdoor,S54
2225.wav,campus,canal,outdoor,S117
2226.wav,campus,square,outdoor,S78
2227.wav,westend,charing,indoor,S100
2228.wav,westend,market,indoor,S12
2229.wav,campus,curve,indoor,S147
2230.wav,westend,charing,indoor,S71
2231.wav,westend,trafalgar,outdoor,S122
2232.wav,kensington,pond,outdoor,S56
2233.wav,Euston,library,indoor,S12
2234.wav,campus,reception,indoor,S28
2235.wav,campus,square,outdoor,S113
2236.wav,campus,canal,outdoor,S124
2237.wav,southbank,royal,indoor,S41
2238.wav,southbank,waterloo,indoor,S45
2239.wav,campus,square,outdoor,S46
2240.wav,westend,national,indoor,S86
2241.wav,campus,reception,indoor,S49
2242.wav,campus,canal,outdoor,S187
2243.wav,campus,square,outdoor,S30
2244.wav,Euston,gardens,outdoor,S93
2245.wav,southbank,royal,indoor,S17
2246.wav,campus,ground,indoor,S109
2247.wav,british,square,outdoor,S48
2248.wav,campus,canal,outdoor,S147
2249.wav,kensington,albert,outdoor,S132
2250.wav,campus,ground,indoor,S185
2251.wav,westend,piazza,outdoor,S159
2252.wav,southbank,book,outdoor,S156
2253.wav,westend,leicester,outdoor,S104
2254.wav,british,room12,indoor,S38
2255.wav,campus,library,outdoor,S31
2256.wav,campus,curve,indoor,S109
2257.wav,campus,square,outdoor,S54
2258.wav,westend,leicester,outdoor,S36
2259.wav,kensington,pond,outdoor,S1
2260.wav,westend,charing,indoor,S166
2261.wav,campus,ground,indoor,S147
2262.wav,kensington,albert,outdoor,S22
2263.wav,british,greatcourt,indoor,S69
2264.wav,westend,piazza,outdoor,S57
2265.wav,british,forecourt,outdoor,S88
2266.wav,campus,canal,outdoor,S167
2267.wav,campus,square,outdoor,S114
2268.wav,campus,ground,indoor,S36
2269.wav,Euston,library,indoor,S93
2270.wav,westend,charing,indoor,S84
2271.wav,campus,library,outdoor,S67
2272.wav,british,room12,indoor,S185
2273.wav,westend,trafalgar,outdoor,S17
2274.wav,westend,market,indoor,S77
2275.wav,westend,market,indoor,S146
2276.wav,westend,charing,indoor,S64
2277.wav,Euston,forecourt,outdoor,S15
2278.wav,westend,national,indoor,S46
2279.wav,british,square,outdoor,S155
2280.wav,westend,charing,indoor,S124
2281.wav,campus,reception,indoor,S182
2282.wav,kensington,pond,outdoor,S127
2283.wav,british,greatcourt,indoor,S7
2284.wav,campus,ground,indoor,S20
2285.wav,westend,national,indoor,S3
2286.wav,westend,charing,indoor,S167
2287.wav,campus,reception,indoor,S16
2288.wav,campus,ground,indoor,S16
2289.wav,southbank,royal,indoor,S164
2290.wav,westend,piazza,outdoor,S130
2291.wav,british,greatcourt,indoor,S173
2292.wav,southbank,book,outdoor,S78
2293.wav,Euston,forecourt,outdoor,S114
2294.wav,british,square,outdoor,S172
2295.wav,campus,canal,outdoor,S155
2296.wav,southbank,food,outdoor,S150
2297.wav,campus,canal,outdoor,S27
2298.wav,southbank,food,outdoor,S164
2299.wav,westend,piazza,outdoor,S118
2300.wav,westend,charing,indoor,S136
2301.wav,british,forecourt,outdoor,S89
2302.wav,westend,charing,indoor,S86
2303.wav,campus,canal,outdoor,S127
2304.wav,british,forecourt,outdoor,S60
2305.wav,campus,library,outdoor,S179
2306.wav,westend,leicester,outdoor,S55
2307.wav,westend,national,indoor,S15
2308.wav,campus,ground,indoor,S184
2309.wav,southbank,bridge,outdoor,S150
2310.wav,southbank,skate,outdoor,S142
2311.wav,westend,charing,indoor,S119
2312.wav,campus,ground,indoor,S139
2313.wav,british,square,outdoor,S169
2314.wav,campus,reception,indoor,S45
2315.wav,campus,library,outdoor,S95
2316.wav,campus,reception,indoor,S190
2317.wav,british,room12,indoor,S137
2318.wav,campus,curve,indoor,S39
2319.wav,campus,canal,outdoor,S105
2320.wav,british,greatcourt,indoor,S107
2321.wav,campus,library,outdoor,S193
2322.wav,westend,piazza,outdoor,S95
2323.wav,campus,reception,indoor,S146
2324.wav,southbank,waterloo,indoor,S156
2325.wav,kensington,marine,indoor,S119
2326.wav,campus,library,outdoor,S140
2327.wav,westend,piazza,outdoor,S20
2328.wav,campus,ground,indoor,S162
2329.wav,westend,market,indoor,S118
2330.wav,campus,curve,indoor,S31
2331.wav,campus,reception,indoor,S3
2332.wav,westend,leicester,outdoor,S88
2333.wav,campus,library,outdoor,S159
2334.wav,Euston,piazza,outdoor,S85
2335.wav,westend,national,indoor,S176
2336.wav,campus,square,outdoor,S94
2337.wav,westend,leicester,outdoor,S170
2338.wav,campus,reception,indoor,S184
2339.wav,westend,leicester,outdoor,S28
2340.wav,westend,leicester,outdoor,S152
2341.wav,campus,reception,indoor,S76
2342.wav,british,street,outdoor,S137
2343.wav,british,room12,indoor,S183
2344.wav,westend,national,indoor,S79
2345.wav,british,street,outdoor,S178
2346.wav,westend,leicester,outdoor,S19
2347.wav,westend,trafalgar,outdoor,S57
2348.wav,westend,trafalgar,outdoor,S172
2349.wav,campus,curve,indoor,S91
2350.wav,southbank,food,outdoor,S87
2351.wav,kensington,marine,indoor,S167
2352.wav,campus,ground,indoor,S49
2353.wav,westend,piazza,outdoor,S77
2354.wav,southbank,waterloo,indoor,S96
2355.wav,westend,market,indoor,S100
2356.wav,westend,national,indoor,S41
2357.wav,Euston,forecourt,outdoor,S14
2358.wav,kensington,albert,outdoor,S179
2359.wav,campus,curve,indoor,S24
2360.wav,westend,leicester,outdoor,S129
2361.wav,Euston,library,indoor,S100
2362.wav,campus,reception,indoor,S26
2363.wav,southbank,skate,outdoor,S96
2364.wav,campus,reception,indoor,S37
2365.wav,westend,piazza,outdoor,S132
2366.wav,westend,market,indoor,S121
2367.wav,Euston,upper,indoor,S60
2368.wav,westend,trafalgar,outdoor,S185
2369.wav,kensington,dinosaur,indoor,S169
2370.wav,british,street,outdoor,S24
2371.wav,campus,ground,indoor,S82
2372.wav,british,square,outdoor,S140
2373.wav,campus,curve,indoor,S137
2374.wav,southbank,food,outdoor,S142
2375.wav,Euston,ritblat,indoor,S110
2376.wav,campus,reception,indoor,S126
2377.wav,campus,reception,indoor,S31
2378.wav,Euston,forecourt,outdoor,S89
2379.wav,westend,national,indoor,S34
2380.wav,Euston,gardens,outdoor,S113
2381.wav,Euston,upper,indoor,S15
2382.wav,campus,reception,indoor,S52
2383.wav,campus,square,outdoor,S129
2384.wav,british,forecourt,outdoor,S35
2385.wav,campus,square,outdoor,S132
2386.wav,british,street,outdoor,S27
2387.wav,campus,reception,indoor,S133
2388.wav,Euston,forecourt,outdoor,S43
2389.wav,campus,library,outdoor,S164
2390.wav,westend,national,indoor,S42
2391.wav,southbank,royal,indoor,S34
2392.wav,campus,curve,indoor,S68
2393.wav,campus,ground,indoor,S121
2394.wav,british,greatcourt,indoor,S3
2395.wav,southbank,waterloo,indoor,S164
2396.wav,campus,canal,outdoor,S58
2397.wav,Euston,library,indoor,S140
2398.wav,kensington,pond,outdoor,S22
2399.wav,southbank,royal,indoor,S16
2400.wav,westend,national,indoor,S104
2401.wav,campus,canal,outdoor,S112
2402.wav,westend,national,indoor,S74
2403.wav,british,room12,indoor,S174
2404.wav,westend,leicester,outdoor,S191
2405.wav,campus,curve,indoor,S77
2406.wav,british,greatcourt,indoor,S185
2407.wav,campus,curve,indoor,S10
2408.wav,british,room12,indoor,S35
2409.wav,Euston,library,indoor,S54
2410.wav,campus,ground,indoor,S21
2411.wav,westend,piazza,outdoor,S19
2412.wav,campus,curve,indoor,S185
2413.wav,campus,square,outdoor,S5
2414.wav,westend,market,indoor,S42
2415.wav,british,street,outdoor,S26
2416.wav,westend,piazza,outdoor,S163
2417.wav,westend,national,indoor,S179
2418.wav,british,square,outdoor,S63
2419.wav,campus,reception,indoor,S177
2420.wav,southbank,skate,outdoor,S28
2421.wav,westend,leicester,outdoor,S144
2422.wav,campus,reception,indoor,S73
2423.wav,campus,reception,indoor,S173
2424.wav,westend,trafalgar,outdoor,S132
2425.wav,campus,reception,indoor,S148
2426.wav,campus,square,outdoor,S184
2427.wav,british,forecourt,outdoor,S151
2428.wav,campus,reception,indoor,S192
2429.wav,westend,piazza,outdoor,S165
2430.wav,campus,square,outdoor,S169
2431.wav,british,forecourt,outdoor,S185
2432.wav,campus,square,outdoor,S12
2433.wav,british,greatcourt,indoor,S193
2434.wav,Euston,ritblat,indoor,S47
2435.wav,westend,national,indoor,S136
2436.wav,westend,leicester,outdoor,S106
2437.wav,campus,curve,indoor,S5
2438.wav,kensington,cromwell,outdoor,S114
2439.wav,southbank,book,outdoor,S87
2440.wav,Euston,ritblat,indoor,S11
2441.wav,westend,market,indoor,S141
2442.wav,british,forecourt,outdoor,S82
2443.wav,british,forecourt,outdoor,S168
2444.wav,campus,reception,indoor,S102
2445.wav,westend,charing,indoor,S6
2446.wav,westend,charing,indoor,S42
2447.wav,campus,curve,indoor,S174
2448.wav,kensington,pond,outdoor,S19
2449.wav,Euston,ritblat,indoor,S14
2450.wav,southbank,royal,indoor,S71
2451.wav,campus,reception,indoor,S34
2452.wav,campus,square,outdoor,S76
2453.wav,westend,national,indoor,S6
2454.wav,campus,curve,indoor,S182
2455.wav,campus,canal,outdoor,S77
2456.wav,westend,leicester,outdoor,S66
2457.wav,westend,national,indoor,S84
2458.wav,british,square,outdoor,S184
2459.wav,campus,library,outdoor,S105
2460.wav,campus,canal,outdoor,S154
2461.wav,british,forecourt,outdoor,S117
2462.wav,westend,national,indoor,S124
2463.wav,campus,library,outdoor,S102
2464.wav,westend,charing,indoor,S178
2465.wav,campus,library,outdoor,S187
2466.wav,british,square,outdoor,S65
2467.wav,campus,square,outdoor,S1
2468.wav,campus,square,outdoor,S50
2469.wav,campus,library,outdoor,S51
2470.wav,Euston,upper,indoor,S174
2471.wav,british,street,outdoor,S139
2472.wav,campus,ground,indoor,S30
2473.wav,westend,national,indoor,S115
2474.wav,campus,reception,indoor,S114
2475.wav,campus,curve,indoor,S26
2476.wav,british,square,outdoor,S27
2477.wav,campus,square,outdoor,S159
2478.wav,Euston,piazza,outdoor,S54
2479.wav,campus,ground,indoor,S113
2480.wav,campus,square,outdoor,S57
2481.wav,Euston,forecourt,outdoor,S57
2482.wav,kensington,marine,indoor,S83
2483.wav,kensington,dinosaur,indoor,S19
2484.wav,campus,square,outdoor,S56
2485.wav,kensington,cromwell,outdoor,S103
2486.wav,british,street,outdoor,S55
2487.wav,westend,piazza,outdoor,S3
2488.wav,campus,ground,indoor,S79
2489.wav,kensington,albert,outdoor,S72
2490.wav,southbank,book,outdoor,S28
2491.wav,westend,national,indoor,S147
2492.wav,westend,leicester,outdoor,S22
2493.wav,campus,library,outdoor,S61
2494.wav,campus,reception,indoor,S162
2495.wav,southbank,book,outdoor,S92
2496.wav,westend,trafalgar,outdoor,S151
2497.wav,campus,square,outdoor,S6
2498.wav,westend,national,indoor,S96
2499.wav,british,room12,indoor,S73
2500.wav,british,room12,indoor,S58